date,UA_actual,EA_mean,FX_depreciation,Policy_spread,Policy_shock,CF_reduced_form_projection,CF_svar,CF_svar_ci_lo,CF_svar_ci_hi,CF_svar_stationary_robustness,CF_augmented_synthetic_control,SVAR_removed_demand,SVAR_robust_removed_demand,fx_channel_weight,policy_channel_weight,credibility_gain_weight,euro_treatment_weight
2000-01-01,,2.0727,,42.0,0.0,,,,,,14.1571,,,0.2,0.15,1.0,0.345
2000-02-01,,2.3182,-1.7441,31.75,-10.25,,,,,,14.1683,,,0.2,0.15,1.0,0.345
2000-03-01,,2.4455,-2.1549,28.5,-3.25,,,,,,12.6481,,,0.2,0.15,1.0,0.345
2000-04-01,,2.2818,-5.5482,25.25,-3.25,,,,,,13.0243,,,0.2,0.15,1.0,0.345
2000-05-01,,2.4364,3.2321,25.25,0.0,,,,,,11.4579,,,0.2,0.15,1.0,0.345
2000-06-01,,2.8091,1.9687,24.75,-0.5,,,,,,10.3422,,,0.2,0.15,1.0,0.345
2000-07-01,,2.8,-2.4117,24.75,0.0,,,,,,11.4023,,,0.2,0.15,1.0,0.345
2000-08-01,,2.9455,-4.0405,22.75,-2.0,,,,,,11.3498,,,0.2,0.15,1.0,0.345
2000-09-01,,3.1818,-1.6075,22.5,-0.25,,,,,,11.0086,,,0.2,0.15,1.0,0.345
2000-10-01,,3.2909,-3.3335,22.25,-0.25,,,,,,10.4373,,,0.2,0.15,1.0,0.345
2000-11-01,,3.3091,1.9576,22.25,0.0,,,,,,9.7897,,,0.2,0.15,1.0,0.345
2000-12-01,25.816,3.0455,7.2588,22.25,0.0,,,,,,9.7453,,,0.2,0.15,1.0,0.345
2001-01-01,22.0872,2.9091,-1.2392,22.25,0.0,17.3994,,,,,9.2628,,,0.2,0.15,1.0,0.345
2001-02-01,18.8962,2.8818,-0.4035,22.25,0.0,15.2776,,,,,8.8072,,,0.2,0.15,1.0,0.345
2001-03-01,17.2643,2.9545,-3.8562,20.25,-2.0,14.0014,,,,,9.4453,,,0.2,0.15,1.0,0.345
2001-04-01,17.0337,3.3727,2.0768,16.25,-4.0,14.3677,,,,,8.8264,,,0.2,0.15,1.0,0.345
2001-05-01,15.085,3.6182,-5.3021,16.5,0.25,12.913,,,,,9.8376,,,0.2,0.15,1.0,0.345
2001-06-01,11.6447,3.4727,-1.5157,14.5,-2.0,10.4665,,,,,9.9044,,,0.2,0.15,1.0,0.345
2001-07-01,9.8566,3.1727,2.6,14.5,0.0,9.093,,,,,9.1205,,,0.2,0.15,1.0,0.345
2001-08-01,9.6368,2.9818,3.6107,12.75,-1.75,8.9126,,,,,9.1237,,,0.2,0.15,1.0,0.345
2001-09-01,7.286,2.8909,0.2207,11.25,-1.5,7.1698,,,,,9.373,,,0.2,0.15,1.0,0.345
2001-10-01,6.0163,2.8273,-1.4405,11.25,0.0,6.021,,,,,8.973,,,0.2,0.15,1.0,0.345
2001-11-01,6.1219,2.6182,-2.1725,11.75,0.5,5.7881,,,,,8.7936,,,0.2,0.15,1.0,0.345
2001-12-01,6.1219,2.7727,-0.5451,9.25,-2.5,6.2769,,,,,8.7905,,,0.2,0.15,1.0,0.345
2002-01-01,5.5991,3.2636,-1.5356,9.25,0.0,6.0598,,,,,8.6779,,,0.2,0.15,1.0,0.345
2002-02-01,3.4997,3.0,0.0904,9.25,0.0,4.6038,,,,,8.2303,,,0.2,0.15,1.0,0.345
2002-03-01,2.1623,3.0727,0.8728,8.25,-1.0,4.2874,,,,,7.7178,,,0.2,0.15,1.0,0.345
2002-04-01,2.0616,2.9818,3.6299,6.75,-1.5,4.2862,,,,,7.3352,,,0.2,0.15,1.0,0.345
2002-05-01,1.35,2.6909,3.704,6.75,0.0,3.5615,,,,,6.7209,,,0.2,0.15,1.0,0.345
2002-06-01,-1.0679,2.4818,4.6688,6.75,0.0,1.8876,,,,,5.7447,,,0.2,0.15,1.0,0.345
2002-07-01,-0.8666,2.5727,0.1157,4.75,-2.0,2.4145,,,,,5.5384,,,0.2,0.15,1.0,0.345
2002-08-01,-0.8666,2.7273,-0.0147,4.75,0.0,2.414,,,,,5.1083,,,0.2,0.15,1.0,0.345
2002-09-01,-1.0641,2.6455,-0.5469,4.75,0.0,2.411,,,,,4.937,,,0.2,0.15,1.0,0.345
2002-10-01,-0.5704,2.7636,0.4824,4.75,0.0,3.1331,,,,,5.2276,,,0.2,0.15,1.0,0.345
2002-11-01,-0.3725,2.7636,1.0516,4.75,0.0,3.1909,,,,,5.1069,,,0.2,0.15,1.0,0.345
2002-12-01,-0.5686,2.7455,4.4462,4.25,-0.5,3.3803,,,,,4.8625,,,0.2,0.15,1.0,0.345
2003-01-01,-0.0764,2.6182,3.5318,4.25,0.0,3.8097,,,,,4.615,,,0.2,0.15,1.0,0.345
2003-02-01,2.4572,2.9273,0.7161,4.25,0.0,5.5115,,,,,5.0087,,,0.2,0.15,1.0,0.345
2003-03-01,4.3144,2.8091,-0.8537,4.5,0.25,6.2608,,,,,5.2737,,,0.2,0.15,1.0,0.345
2003-04-01,3.5943,2.4636,2.0694,4.5,0.0,5.1824,,,,,5.2849,,,0.2,0.15,1.0,0.345
2003-05-01,3.906,2.1909,7.0345,4.5,0.0,5.4544,,,,,4.9549,,,0.2,0.15,1.0,0.345
2003-06-01,5.9164,2.2727,-2.7985,5.0,0.5,7.0196,,,,,5.8248,,,0.2,0.15,1.0,0.345
2003-07-01,7.4218,2.2182,-0.1238,5.0,0.0,7.9158,,,,,6.0692,,,0.2,0.15,1.0,0.345
2003-08-01,5.8073,2.3,-5.3287,5.0,0.0,6.9025,,,,,5.6073,,,0.2,0.15,1.0,0.345
2003-09-01,6.2297,2.3364,5.2618,5.0,0.0,6.855,,,,,5.7405,,,0.2,0.15,1.0,0.345
2003-10-01,6.8626,2.1455,2.7983,5.0,0.0,7.493,,,,,5.8786,,,0.2,0.15,1.0,0.345
2003-11-01,8.136,2.2455,1.4064,5.0,0.0,8.5289,,,,,5.8486,,,0.2,0.15,1.0,0.345
2003-12-01,8.2427,2.0727,4.8608,5.0,0.0,8.3461,,,,,5.7867,,,0.2,0.15,1.0,0.345
2004-01-01,8.136,1.8182,-0.9078,5.0,0.0,8.1553,,,,,5.9835,,,0.2,0.15,1.0,0.345
2004-02-01,7.3873,1.6909,0.4608,5.0,0.0,7.5241,,,,,6.2391,,,0.2,0.15,1.0,0.345
2004-03-01,6.6438,1.6273,-2.0981,5.0,0.0,7.345,,,,,6.5122,,,0.2,0.15,1.0,0.345
2004-04-01,6.6438,1.8909,-3.0182,5.0,0.0,7.774,,,,,6.6265,,,0.2,0.15,1.0,0.345
2004-05-01,7.3903,2.2364,2.7568,5.0,0.0,8.4602,,,,,7.4584,,,0.2,0.15,1.0,0.345
2004-06-01,8.034,2.3,-0.0479,5.5,0.5,8.6179,,,,,7.3171,,,0.2,0.15,1.0,0.345
2004-07-01,8.1421,2.2,-1.2704,5.5,0.0,8.7972,,,,,7.7346,,,0.2,0.15,1.0,0.345
2004-08-01,9.9023,2.1636,0.0917,5.5,0.0,10.0667,,,,,8.6696,,,0.2,0.15,1.0,0.345
2004-09-01,10.6671,1.9818,2.1917,5.5,0.0,10.7701,,,,,8.4014,,,0.2,0.15,1.0,0.345
2004-10-01,11.6503,2.3,3.0774,6.0,0.5,11.5536,,,,,7.9426,,,0.2,0.15,1.0,0.345
2004-11-01,11.3216,2.2182,4.1247,7.0,1.0,11.0976,,,,,7.757,,,0.2,0.15,1.0,0.345
2004-12-01,12.3087,2.1909,2.6442,7.0,0.0,11.4956,,,,,7.7126,,,0.2,0.15,1.0,0.345
2005-01-01,12.6409,2.0273,-4.3009,7.0,0.0,11.8372,,,,,7.1538,,,0.2,0.15,1.0,0.345
2005-02-01,13.3141,2.0364,0.8999,7.0,0.0,12.3503,,,,,7.392,,,0.2,0.15,1.0,0.345
2005-03-01,14.6684,2.1818,-2.0447,7.0,0.0,13.3915,,,,,6.9538,,,0.2,0.15,1.0,0.345
2005-04-01,14.6684,2.1545,-4.763,7.0,0.0,13.3442,,,,,7.6982,,,0.2,0.15,1.0,0.345
2005-05-01,14.5546,1.9545,-3.4129,7.0,0.0,12.8919,,,,,7.2426,,,0.2,0.15,1.0,0.345
2005-06-01,14.4408,1.9909,-3.31,7.0,0.0,13.18,,,,,7.1601,,,0.2,0.15,1.0,0.345
2005-07-01,14.7841,2.2182,0.2819,7.0,0.0,13.3731,,,,,6.9395,,,0.2,0.15,1.0,0.345
2005-08-01,14.899,2.2818,0.6672,7.5,0.5,13.4435,,,,,6.8364,,,0.2,0.15,1.0,0.345
2005-09-01,13.8782,2.5909,-0.9734,7.5,0.0,12.7483,,,,,7.6269,,,0.2,0.15,1.0,0.345
2005-10-01,12.4297,2.3727,0.6198,7.5,0.0,11.3438,,,,,7.8031,,,0.2,0.15,1.0,0.345
2005-11-01,11.987,2.2364,-2.8835,7.5,0.0,11.2156,,,,,7.7682,,,0.2,0.15,1.0,0.345
2005-12-01,10.3466,2.2545,0.271,7.25,-0.25,10.3741,,,,,7.4301,,,0.2,0.15,1.0,0.345
2006-01-01,9.8041,2.3455,2.1501,7.25,0.0,9.998,,,,,7.8094,,,0.2,0.15,1.0,0.345
2006-02-01,10.6738,2.4,-1.922,7.25,0.0,10.4375,,,,,7.3301,,,0.2,0.15,1.0,0.345
2006-03-01,8.6041,2.3273,2.0378,7.0,-0.25,8.8211,,,,,6.9713,,,0.2,0.15,1.0,0.345
2006-04-01,7.4178,2.5818,2.595,7.0,0.0,8.3679,,,,,6.2857,,,0.2,0.15,1.0,0.345
2006-05-01,7.311,2.6545,3.3663,7.0,0.0,8.4219,,,,,7.1413,,,0.2,0.15,1.0,0.345
2006-06-01,6.7777,2.5545,-2.4441,5.75,-1.25,7.8014,,,,,6.4857,,,0.2,0.15,1.0,0.345
2006-07-01,7.4164,2.5455,1.0717,5.75,0.0,8.2502,,,,,6.8556,,,0.2,0.15,1.0,0.345
2006-08-01,7.4164,2.4364,1.2087,5.5,-0.25,8.0109,,,,,6.6556,,,0.2,0.15,1.0,0.345
2006-09-01,9.1282,1.9727,-0.8225,5.5,0.0,8.7826,,,,,5.8175,,,0.2,0.15,1.0,0.345
2006-10-01,10.9669,1.8091,0.0315,5.25,-0.25,9.9768,,,,,5.435,,,0.2,0.15,1.0,0.345
2006-11-01,11.6248,2.0182,3.4014,5.25,0.0,10.5787,,,,,5.9699,,,0.2,0.15,1.0,0.345
2006-12-01,11.6248,2.1091,0.0988,5.0,-0.25,10.6534,,,,,6.3287,,,0.2,0.15,1.0,0.345
2007-01-01,10.8527,1.9909,-1.5148,5.0,0.0,9.6195,,,,,6.4811,,,0.2,0.15,1.0,0.345
2007-02-01,9.5459,1.9727,1.9694,5.0,0.0,8.9954,,,,10.2934,6.5192,,-0.7474,0.2,0.15,1.0,0.345
2007-03-01,10.0953,2.1,0.9179,4.75,-0.25,9.4585,8.8089,,,9.9506,7.5098,1.2864,0.1447,0.2,0.15,1.0,0.345
2007-04-01,10.5375,2.0909,2.156,4.75,0.0,9.6658,8.1355,,,9.3564,7.7685,2.402,1.1811,0.2,0.15,1.0,0.345
2007-05-01,10.6475,1.9727,-1.648,4.75,0.0,9.7324,7.6285,7.1525,11.6675,8.8624,6.9955,3.019,1.7851,0.2,0.15,1.0,0.345
2007-06-01,12.9687,1.9909,0.2976,4.0,-0.75,11.4034,7.4283,7.0629,11.8983,8.4264,7.8685,5.5404,4.5424,0.2,0.15,1.0,0.345
2007-07-01,13.5285,1.9273,1.4676,4.0,0.0,11.7794,7.2311,7.1525,11.5813,7.9265,8.386,6.2974,5.602,0.2,0.15,1.0,0.345
2007-08-01,14.2097,1.7455,-0.3594,4.0,0.0,12.0505,6.9446,6.5915,11.1467,7.0526,9.1273,7.2651,7.1571,0.2,0.15,1.0,0.345
2007-09-01,14.4337,2.0909,4.1028,4.0,0.0,12.7466,7.1408,6.1099,10.9332,6.9563,10.386,7.2929,7.4773,0.2,0.15,1.0,0.345
2007-10-01,14.7683,2.5091,1.5882,4.0,0.0,13.2784,7.4135,6.6914,11.9549,6.3439,11.9004,7.3548,8.4244,0.2,0.15,1.0,0.345
2007-11-01,15.2192,2.9818,2.2715,4.0,0.0,13.8201,7.6805,6.1832,10.9485,6.5339,12.2766,7.5387,8.6853,0.2,0.15,1.0,0.345
2007-12-01,16.5895,2.9909,-0.3126,4.0,0.0,14.5609,7.9231,6.3546,10.7905,6.5513,12.4941,8.6664,10.0382,0.2,0.15,1.0,0.345
2008-01-01,19.3737,3.2273,0.8,6.0,2.0,16.7434,8.4528,6.8478,11.7557,6.3876,13.8878,10.921,12.9861,0.2,0.15,1.0,0.345
2008-02-01,21.8656,3.3273,2.0782,6.0,0.0,18.3043,8.5981,7.2766,11.3278,5.9645,14.7465,13.2676,15.9012,0.2,0.15,1.0,0.345
2008-03-01,26.244,3.6182,4.3672,6.0,0.0,21.2241,8.8988,7.0497,11.5798,6.1373,14.9703,17.3452,20.1068,0.2,0.15,1.0,0.345
2008-04-01,30.1576,3.3091,-1.4347,8.0,2.0,23.6913,8.8658,7.4198,12.0817,5.5636,15.6053,21.2918,24.594,0.2,0.15,1.0,0.345
2008-05-01,31.0633,3.8091,-4.1283,8.0,0.0,24.5814,9.2501,7.7532,12.8888,5.6776,15.8021,21.8131,25.3856,0.2,0.15,1.0,0.345
2008-06-01,29.2679,4.1,1.0869,8.0,0.0,23.4721,9.669,7.9012,12.6252,5.7741,15.6846,19.5989,23.4937,0.2,0.15,1.0,0.345
2008-07-01,26.8457,4.1091,-0.9852,7.75,-0.25,21.7306,9.9157,7.9053,12.7098,5.4806,14.9735,16.93,21.3651,0.2,0.15,1.0,0.345
2008-08-01,25.9631,3.9727,-5.3776,7.75,0.0,20.9868,10.139,7.6071,12.2726,5.5272,14.0528,15.824,20.4359,0.2,0.15,1.0,0.345
2008-09-01,24.6073,3.8818,-2.5833,7.75,0.0,11.6263,10.5466,8.3271,13.0108,5.4515,13.1941,14.0607,19.1558,1.0,0.65,1.0,0.895
2008-10-01,23.1542,3.3455,7.372,8.25,0.5,9.3829,10.862,7.5084,12.3935,6.2944,12.4004,12.2921,16.8598,1.0,0.65,1.0,0.895
2008-11-01,22.3107,2.3545,14.6909,8.75,0.5,6.8,11.4095,7.9824,13.6933,7.062,10.6098,10.9011,15.2487,1.0,0.65,1.0,0.895
2008-12-01,22.3107,1.7909,22.1699,9.5,0.75,5.3093,12.357,8.8075,15.5128,8.0245,9.5748,9.9536,14.2861,1.0,0.65,1.0,0.895
2009-01-01,22.3107,1.3455,-7.2581,10.0,0.5,5.5701,13.3684,9.9848,16.2615,9.5738,9.1018,8.9422,12.7369,1.0,0.65,1.0,0.895
2009-02-01,20.8815,1.2909,-2.5414,10.0,0.0,5.2343,14.8455,11.428,17.8237,11.1815,8.8843,6.036,9.7001,1.0,0.65,1.0,0.895
2009-03-01,18.0866,0.6182,3.1648,10.5,0.5,4.6933,15.6282,12.3028,17.809,12.0619,7.6525,2.4584,6.0247,1.0,0.65,1.0,0.895
2009-04-01,15.5668,0.6091,0.5518,10.75,0.25,4.5543,16.8488,13.101,18.7147,13.7499,6.0031,-1.282,1.8168,1.0,0.65,1.0,0.895
2009-05-01,14.6541,0.0091,3.2913,11.0,0.25,4.3857,17.7364,14.0341,18.9628,14.7698,4.7094,-3.0823,-0.1157,1.0,0.65,1.0,0.895
2009-06-01,14.9953,-0.2273,1.8681,10.0,-1.0,4.9197,18.5906,15.2707,20.9725,15.9847,3.657,-3.5953,-0.9894,1.0,0.65,1.0,0.895
2009-07-01,15.4576,-0.6545,0.5778,10.0,0.0,4.5161,19.0558,15.7607,21.1583,16.9276,2.6982,-3.5981,-1.47,1.0,0.65,1.0,0.895
2009-08-01,15.3421,-0.2455,5.8994,9.25,-0.75,6.0653,20.0496,17.2283,21.8106,18.52,2.2014,-4.7076,-3.178,1.0,0.65,1.0,0.895
2009-09-01,14.9998,-0.4818,1.5422,9.25,0.0,6.4094,20.3023,17.3055,22.7924,19.199,1.0902,-5.3025,-4.1992,1.0,0.65,1.0,0.895
2009-10-01,14.0952,-0.3364,1.5045,9.25,0.0,8.3524,20.413,17.7586,22.9644,19.4803,-0.0654,-6.3178,-5.3851,1.0,0.65,1.0,0.895
2009-11-01,13.6455,0.2909,0.6362,9.25,0.0,10.3759,20.3608,18.139,22.3329,19.3791,-0.1623,-6.7153,-5.7336,1.0,0.65,1.0,0.895
2009-12-01,12.3098,0.6909,-3.9142,9.25,0.0,11.6176,19.6852,16.1886,21.6287,19.1082,-0.1416,-7.3753,-6.7984,1.0,0.65,1.0,0.895
2010-01-01,11.1092,0.7091,-2.1901,9.25,0.0,11.1333,18.5465,15.67,20.6767,17.935,-1.5465,-7.4372,-6.8257,0.2,0.15,0.95,0.335
2010-02-01,11.5471,0.6636,-3.8512,9.25,0.0,11.3619,17.1263,13.841,19.1985,17.1839,-2.4846,-5.5792,-5.6368,0.2,0.15,0.95,0.335
2010-03-01,10.9971,1.3636,-0.8688,9.25,0.0,11.0505,16.4791,14.1571,18.7878,16.6993,-2.3084,-5.4821,-5.7022,0.2,0.15,0.95,0.335
2010-04-01,9.677,1.4818,-1.6792,9.25,0.0,10.1794,15.1179,12.8798,17.5901,15.4826,-1.3353,-5.4409,-5.8056,0.2,0.15,0.95,0.335
2010-05-01,8.4766,1.6,-6.8146,9.25,0.0,8.9115,13.7717,10.8018,16.2998,14.5234,-0.9972,-5.2952,-6.0468,0.2,0.15,0.95,0.335
2010-06-01,6.8671,1.4909,-1.742,8.5,-0.75,7.4443,12.4465,9.7529,15.1236,13.5255,-0.3829,-5.5794,-6.6584,0.2,0.15,0.95,0.335
2010-07-01,6.7601,1.7818,6.7224,7.5,-1.0,7.5455,11.7448,8.7725,14.4266,13.2478,0.9091,-4.9847,-6.4877,0.2,0.15,0.95,0.335
2010-08-01,8.2578,1.7091,-2.9541,6.75,-0.75,8.3393,10.9561,8.4392,13.7783,12.4904,1.2503,-2.6983,-4.2326,0.2,0.15,0.95,0.335
2010-09-01,10.5131,1.9455,7.2745,6.75,0.0,10.0184,10.3527,8.711,13.2547,12.0475,1.8265,0.1605,-1.5344,0.2,0.15,0.95,0.335
2010-10-01,10.075,2.1182,1.7672,6.75,0.0,9.7176,9.8849,8.8131,12.7397,11.4578,2.344,0.1901,-1.3827,0.2,0.15,0.95,0.335
2010-11-01,9.204,2.0091,-4.9342,6.75,0.0,9.0868,9.2399,7.1254,12.047,10.5263,2.9377,-0.0359,-1.3223,0.2,0.15,0.95,0.335
2010-12-01,9.0958,2.4,1.3123,6.75,0.0,9.2465,9.0964,6.8793,11.6183,10.0118,3.5346,-0.0007,-0.916,0.2,0.15,0.95,0.335
2011-01-01,8.2384,2.6182,2.9137,6.75,0.0,8.7583,8.808,6.4363,11.1962,9.5663,4.222,-0.5696,-1.3278,0.2,0.15,0.95,0.335
2011-02-01,7.1762,2.7636,0.2614,6.75,0.0,8.271,8.6939,5.6793,10.9181,8.9143,4.5839,-1.5176,-1.7381,0.2,0.15,0.95,0.335
2011-03-01,7.7073,2.9091,2.7242,6.75,0.0,8.704,8.5406,5.7329,10.5999,8.4834,4.9045,-0.8333,-0.776,0.2,0.15,0.95,0.335
2011-04-01,9.4359,2.9818,4.9435,6.5,-0.25,9.8586,8.5068,4.9904,10.5173,8.2102,5.1458,0.9291,1.2256,0.2,0.15,0.95,0.335
2011-05-01,10.9772,2.8545,-3.527,6.5,0.0,10.953,8.2996,5.8997,10.4853,7.5207,5.5633,2.6776,3.4565,0.2,0.15,0.95,0.335
2011-06-01,11.8686,2.8091,1.0877,6.5,0.0,11.5527,8.1148,5.4119,9.9778,6.9959,5.3808,3.7537,4.8727,0.2,0.15,0.95,0.335
2011-07-01,10.6356,2.7818,-1.1642,6.25,-0.25,10.7624,8.0668,5.2089,9.6853,6.2472,4.3444,2.5688,4.3884,0.2,0.15,0.95,0.335
2011-08-01,8.8864,2.6273,0.9846,6.25,0.0,9.4297,7.7851,4.3388,9.1195,5.3635,4.5381,1.1012,3.5228,0.2,0.15,0.95,0.335
2011-09-01,5.9235,3.0273,-5.5944,6.25,0.0,7.5221,8.0649,3.9081,9.0706,5.1089,4.2937,-2.1414,0.8146,0.2,0.15,0.95,0.335
2011-10-01,5.3965,3.0455,3.9788,6.25,0.0,6.9961,8.0989,3.7184,8.7328,4.6883,4.1556,-2.7024,0.7082,0.2,0.15,0.95,0.335
2011-11-01,5.1863,3.0455,-5.8363,6.5,0.25,6.8168,8.2022,3.4743,8.7071,4.3338,3.8969,-3.0159,0.8525,0.2,0.15,0.95,0.335
2011-12-01,4.5602,2.7091,-3.408,6.75,0.25,6.179,8.0899,2.4955,8.5536,3.8435,3.7556,-3.5297,0.7167,0.2,0.15,0.95,0.335
2012-01-01,3.732,2.6455,1.6989,6.75,0.0,5.5666,8.3586,1.9104,8.5779,3.6273,3.2762,-4.6266,0.1047,0.2,0.15,0.95,0.335
2012-02-01,3.0124,2.6455,2.5526,6.75,0.0,5.0945,8.6897,2.4324,8.6605,3.4091,3.1762,-5.6773,-0.3967,0.2,0.15,0.95,0.335
2012-03-01,1.8949,2.6,-1.362,6.5,-0.25,4.2481,9.0057,2.8251,8.6749,1.1687,3.0556,-7.1108,0.7262,0.2,0.15,0.95,0.335
2012-04-01,0.5873,2.5,-0.2845,6.5,0.0,3.1289,9.312,3.154,9.0158,4.8891,2.6143,-8.7248,-4.3018,0.2,0.15,0.95,0.335
2012-05-01,-0.5104,2.3364,-6.133,6.5,0.0,2.3648,9.5075,3.1211,8.9885,5.6823,2.2381,-10.0179,-6.1927,0.2,0.15,0.95,0.335
2012-06-01,-1.2041,2.2727,0.297,6.5,0.0,1.6251,9.7958,3.3276,9.1782,5.2182,2.1206,-10.9999,-6.4222,0.2,0.15,0.95,0.335
2012-07-01,-0.103,2.3091,-1.8465,6.75,0.25,2.4561,10.104,3.7406,9.515,11.9013,2.1475,-10.207,-12.0043,0.2,0.15,0.95,0.335
2012-08-01,-0.0027,2.5818,2.4043,6.75,0.0,2.8621,10.6842,4.5145,10.0331,10.1587,2.3332,-10.6869,-10.1614,0.2,0.15,0.95,0.335
2012-09-01,-0.0027,2.5727,2.5967,6.75,0.0,2.8063,11.0746,5.4201,10.4388,12.6472,2.622,-11.0773,-12.6499,0.2,0.15,0.95,0.335
2012-10-01,-0.0027,2.5364,0.6812,6.75,0.0,2.841,11.403,6.0957,10.9256,11.4695,2.3014,-11.4057,-11.4722,0.2,0.15,0.95,0.335
2012-11-01,-0.2025,2.2182,0.2466,6.75,0.0,2.6096,11.3959,5.9961,10.6017,13.3544,2.0982,-11.5984,-13.5569,0.2,0.15,0.95,0.335
2012-12-01,-0.2025,2.2818,1.444,6.75,0.0,2.6757,11.8166,6.2121,10.9386,12.8323,2.2189,-12.0191,-13.0348,0.2,0.15,0.95,0.335
2013-01-01,-0.2025,1.8636,2.6794,6.75,0.0,2.6478,11.8129,6.7542,11.1161,15.2891,1.5283,-12.0154,-15.4916,0.2,0.15,0.95,0.335
2013-02-01,-0.5013,1.7364,-3.3339,6.75,0.0,2.3422,11.9517,7.0509,11.1406,21.3662,1.2489,-12.453,-21.8675,0.2,0.15,0.95,0.335
2013-03-01,-0.7989,1.6364,-2.2547,6.75,0.0,1.9029,12.2101,7.5176,11.7991,24.12,1.1458,-13.009,-24.9189,0.2,0.15,0.95,0.335
2013-04-01,-0.7989,1.2182,2.3768,6.75,0.0,1.8449,12.0052,7.0159,11.7911,30.4459,0.5902,-12.8041,-31.2448,0.2,0.15,0.95,0.335
2013-05-01,-0.4009,1.4182,-1.2972,7.0,0.25,2.2902,12.3857,7.6466,12.2435,35.2058,0.7489,-12.7866,-35.6067,0.2,0.15,0.95,0.335
2013-06-01,-0.1012,1.5818,0.6161,6.5,-0.5,2.8041,12.8111,8.902,12.7394,30.896,1.087,-12.9123,-30.9972,0.2,0.15,0.95,0.335
2013-07-01,-0.0011,1.5182,1.9766,6.5,0.0,2.8096,12.8524,9.1478,13.0315,23.953,1.0982,-12.8535,-23.9541,0.2,0.15,0.95,0.335
2013-08-01,-0.4023,1.1364,-0.1356,6.0,-0.5,2.3713,12.6285,9.1652,13.0267,20.8189,0.457,-13.0308,-21.2212,0.2,0.15,0.95,0.335
2013-09-01,-0.5018,0.9273,2.0222,6.0,0.0,2.3001,12.6202,8.8364,13.0432,21.7015,-0.0906,-13.122,-22.2033,0.2,0.15,0.95,0.335
2013-10-01,-0.1038,0.5273,1.5976,6.0,0.0,2.5031,12.3243,8.694,12.771,19.4968,0.2475,-12.4281,-19.6006,0.2,0.15,0.95,0.335
2013-11-01,0.1962,0.5636,-1.1921,6.25,0.25,2.7301,12.4582,9.1559,13.6136,14.9435,0.0301,-12.262,-14.7473,0.2,0.15,0.95,0.335
2013-12-01,0.4962,0.7364,1.6201,6.25,0.0,2.9912,12.5465,9.7725,13.4084,13.9968,-0.0493,-12.0503,-13.5007,0.2,0.15,0.95,0.335
2014-01-01,0.4962,0.6455,-1.7526,6.25,0.0,2.8736,12.3473,9.2361,12.9417,14.7871,0.6444,-11.8511,-14.291,0.2,0.15,0.95,0.335
2014-02-01,1.2003,0.5455,22.8671,6.25,0.0,7.0427,12.2424,9.6771,13.1776,12.3622,0.665,-11.042,-11.1618,1.0,0.85,0.9,0.935
2014-03-01,3.4268,0.3273,10.0059,6.25,0.0,7.4313,11.9359,9.3094,12.9215,7.1837,0.5063,-8.5091,-3.757,1.0,0.85,0.9,0.935
2014-04-01,6.8398,0.5091,4.485,9.25,3.0,8.0399,12.1827,10.0076,13.223,1.9066,0.965,-5.3428,4.9332,1.0,0.85,0.9,0.935
2014-05-01,10.789,0.3091,1.6627,9.25,0.0,8.319,11.8121,9.69,13.5037,-2.6581,0.9031,-1.0231,13.447,1.0,0.85,0.9,0.935
2014-06-01,11.8969,0.3909,0.3657,9.35,0.1,8.5051,11.6901,9.594,13.7459,-1.3763,0.8206,0.2067,13.2731,1.0,0.85,0.9,0.935
2014-07-01,12.4569,0.3,0.772,12.35,3.0,8.0021,11.7132,9.6846,13.8518,0.4635,0.7857,0.7437,11.9934,1.0,0.85,0.9,0.935
2014-08-01,14.1556,0.4091,10.0736,12.35,0.0,7.699,12.19,10.2101,15.2543,1.6275,0.9031,1.9656,12.5282,1.0,0.85,0.9,0.935
2014-09-01,17.4662,0.3273,-8.633,12.45,0.1,7.6267,12.6571,11.049,17.2712,-0.6433,1.3238,4.8091,18.1095,1.0,0.85,0.9,0.935
2014-10-01,19.8061,0.2909,-0.8027,12.45,0.0,7.3171,13.0827,11.7038,18.0451,-0.7038,0.9269,6.7234,20.51,1.0,0.85,0.9,0.935
2014-11-01,21.8388,0.2545,13.544,13.95,1.5,6.9769,13.3709,12.2427,18.6216,-1.1433,1.0238,8.4679,22.9821,1.0,0.85,0.9,0.935
2014-12-01,24.8696,-0.2818,2.9081,13.95,0.0,5.5494,13.2494,11.9708,18.6282,0.6593,0.4444,11.6201,24.2103,1.0,0.85,0.9,0.935
2015-01-01,28.4836,-0.6727,-5.0675,13.95,0.0,4.348,13.2877,11.9979,19.6583,-1.4967,-0.135,15.1959,29.9803,1.0,0.85,0.9,0.935
2015-02-01,34.4863,-0.4091,54.1481,19.45,5.5,5.8466,14.0135,12.9562,21.6857,0.8956,0.0825,20.4728,33.5906,1.0,0.85,0.9,0.935
2015-03-01,45.8031,-0.1545,-21.0741,29.95,10.5,6.506,14.5989,14.0509,23.2304,5.4293,0.5619,31.2042,40.3738,1.0,0.85,0.9,0.935
2015-04-01,60.9057,-0.0091,-9.4447,29.95,0.0,7.8589,14.7511,14.2987,25.7659,5.2531,0.6,46.1546,55.6526,1.0,0.85,0.9,0.935
2015-05-01,58.4254,0.3818,-0.9615,29.95,0.0,8.1138,15.2774,14.935,30.198,5.2589,1.2206,43.148,53.1666,1.0,0.85,0.9,0.935
2015-06-01,57.4843,0.3818,2.6134,29.95,0.0,7.712,15.4061,14.942,27.6452,5.235,0.3699,42.0782,52.2493,1.0,0.85,0.9,0.935
2015-07-01,55.2883,0.3818,0.5688,29.95,0.0,7.3633,15.3962,14.8879,27.8076,3.8819,-0.4475,39.8921,51.4064,1.0,0.85,0.9,0.935
2015-08-01,52.8234,0.3182,0.8247,26.95,-3.0,19.0475,15.0635,14.3298,26.7144,5.5844,-0.192,37.7599,47.239,0.7,0.8,0.45,0.68
2015-09-01,51.9323,0.1,1.0323,21.95,-5.0,18.9984,14.4044,13.26,25.8243,10.7254,-0.6269,37.5279,41.2069,0.7,0.8,0.45,0.68
2015-10-01,46.4426,0.3,3.7218,21.95,0.0,17.767,14.1715,13.6524,24.4859,14.6688,-0.3682,32.271,31.7738,0.7,0.8,0.45,0.68
2015-11-01,46.5863,0.2273,0.9379,21.95,0.0,17.8232,13.7469,13.0446,23.313,10.0756,-0.1857,32.8393,36.5107,0.7,0.8,0.45,0.68
2015-12-01,43.313,0.3909,3.7025,21.95,0.0,17.167,13.5111,13.0237,23.4928,9.5369,0.1731,29.8019,33.7761,0.7,0.8,0.45,0.68
2016-01-01,40.2549,0.4273,4.4739,21.95,0.0,16.4073,13.2044,12.9193,21.3539,10.8406,-0.5475,27.0506,29.4143,0.7,0.8,0.45,0.68
2016-02-01,32.6628,0.0909,8.2324,21.95,0.0,13.3183,12.2904,11.8911,19.8247,7.7026,-0.9094,20.3724,24.9602,0.7,0.8,0.45,0.68
2016-03-01,20.929,0.0727,-0.2917,22.0,0.05,10.4044,11.6959,11.2493,16.7204,6.3851,-0.9713,9.2331,14.5439,0.7,0.8,0.45,0.68
2016-04-01,9.7908,0.0091,-3.7141,19.0,-3.0,6.9145,11.4082,10.3213,13.883,9.2109,-1.092,-1.6173,0.58,0.7,0.8,0.45,0.68
2016-05-01,7.5349,0.0818,-2.0285,18.0,-1.0,6.3798,11.2896,8.8803,13.1421,13.0707,-1.2538,-3.7547,-5.5359,0.7,0.8,0.45,0.68
2016-06-01,6.8922,0.2545,-1.6867,16.5,-1.5,6.4995,11.5612,10.1893,13.6564,15.9165,-0.6206,-4.669,-9.0242,0.7,0.8,0.45,0.68
2016-07-01,7.864,0.3,-0.2264,15.5,-1.0,6.8695,11.6809,10.053,13.7861,16.0814,0.0175,-3.8169,-8.2174,0.7,0.8,0.45,0.68
2016-08-01,8.4076,0.3909,4.0868,15.5,0.0,7.9235,11.7065,10.0607,13.4308,11.9009,-0.0175,-3.2988,-3.4932,0.7,0.8,0.45,0.68
2016-09-01,7.8778,0.4364,1.4805,15.0,-0.5,7.7309,11.5743,9.1086,13.1641,10.0685,0.3762,-3.6965,-2.1907,0.7,0.8,0.45,0.68
2016-10-01,12.359,0.6455,-4.319,14.0,-1.0,9.3833,11.5693,8.8821,12.9405,4.8798,0.8937,0.7897,7.4793,0.7,0.8,0.45,0.68
2016-11-01,12.1387,0.5818,-2.8144,14.0,0.0,9.2535,11.3148,9.3998,13.0566,8.5187,0.9112,0.8239,3.6201,0.7,0.8,0.45,0.68
2016-12-01,12.3614,0.9909,4.8615,14.0,0.0,10.7162,11.3491,8.5607,12.836,9.0571,1.6462,1.0123,3.3043,0.7,0.8,0.45,0.68
2017-01-01,12.5842,1.6273,1.4146,14.0,0.0,11.8569,11.5319,8.8902,13.2013,8.2343,2.3636,1.0523,4.3498,0.7,0.8,0.45,0.68
2017-02-01,14.1667,1.8364,-0.6467,14.0,0.0,12.2347,11.6095,8.4796,12.7022,7.4668,2.643,2.5572,6.6999,0.7,0.8,0.45,0.68
2017-03-01,15.071,1.4727,1.1196,14.0,0.0,11.5202,11.359,9.2619,13.1747,6.9023,2.7018,3.712,8.1687,0.7,0.8,0.45,0.68
2017-04-01,12.1803,1.8273,-0.2543,13.0,-1.0,10.3777,11.7831,9.8022,13.4944,5.3163,2.743,0.3972,6.864,0.7,0.8,0.45,0.68
2017-05-01,13.5251,1.3273,1.8971,12.5,-0.5,10.0907,11.4787,9.3093,12.9848,3.295,2.2462,2.0464,10.2301,0.7,0.8,0.45,0.68
2017-06-01,15.5727,1.0909,1.1576,12.5,0.0,10.2461,11.0331,9.2053,12.5713,2.5453,2.6049,4.5396,13.0274,0.7,0.8,0.45,0.68
2017-07-01,15.9197,1.1818,2.0259,12.5,0.0,10.8364,10.967,8.6419,12.0257,2.3017,2.2493,4.9527,13.6181,0.7,0.8,0.45,0.68
2017-08-01,16.1523,1.3636,0.2766,12.5,0.0,11.1244,11.0531,8.8619,12.5593,6.5286,2.6636,5.0992,9.6237,0.7,0.8,0.45,0.68
2017-09-01,16.3805,1.4182,2.4499,12.5,0.0,11.4757,10.912,8.9554,12.5658,3.9517,2.6493,5.4685,12.4288,0.7,0.8,0.45,0.68
2017-10-01,14.5691,1.3091,-0.2637,13.5,1.0,10.7246,10.7178,8.6564,12.1704,3.1138,2.5556,3.8513,11.4552,0.7,0.8,0.45,0.68
2017-11-01,13.5562,1.4636,2.5201,13.5,0.0,11.1848,10.8466,8.5465,11.8466,3.0934,2.6794,2.7096,10.4628,0.7,0.8,0.45,0.68
2017-12-01,13.6687,1.2818,4.7256,14.5,1.0,10.5883,10.6788,8.3356,11.5426,2.5834,2.2825,2.9899,11.0854,0.7,0.8,0.45,0.68
2018-01-01,14.1185,1.1364,3.7913,16.0,1.5,10.8936,10.364,8.1568,11.1462,1.5289,2.2888,3.7545,12.5896,0.7,0.8,0.45,0.68
2018-02-01,14.0055,1.0273,-4.8311,16.0,0.0,10.5911,10.0768,7.2359,11.1867,1.9998,2.2126,3.9287,12.0057,0.7,0.8,0.45,0.68
2018-03-01,13.2216,1.1364,-1.3507,17.0,1.0,10.6506,10.0853,6.8768,11.0202,0.4965,2.6507,3.1363,12.725,0.7,0.8,0.45,0.68
2018-04-01,13.1093,0.9909,-2.4375,17.0,0.0,10.8859,9.8156,7.2909,10.9242,-0.1224,2.5538,3.2937,13.2317,0.7,0.8,0.45,0.68
2018-05-01,11.6578,1.6455,-4.8649,17.0,0.0,10.9606,10.3375,7.4025,11.5963,1.6018,2.8538,1.3203,10.0559,0.7,0.8,0.45,0.68
2018-06-01,9.8994,1.7818,0.5472,17.0,0.0,10.6157,10.3576,7.2506,11.1006,0.7847,3.1126,-0.4582,9.1147,0.7,0.8,0.45,0.68
2018-07-01,8.9123,1.9364,2.2411,17.5,0.5,10.1421,10.3717,7.0987,11.2664,0.9542,3.0301,-1.4594,7.9581,0.7,0.8,0.45,0.68
2018-08-01,9.0213,1.8,5.609,17.5,0.0,9.7988,10.3005,6.7979,11.8621,0.6788,3.192,-1.2792,8.3425,0.7,0.8,0.45,0.68
2018-09-01,8.9144,1.8636,0.1948,18.0,0.5,9.7827,10.4997,7.1709,11.6904,-0.2522,3.5888,-1.5853,9.1666,0.7,0.8,0.45,0.68
2018-10-01,9.4525,2.0,-3.3773,18.0,0.0,9.9922,10.7301,7.7708,12.1009,0.1583,3.4063,-1.2776,9.2943,0.7,0.8,0.45,0.68
2018-11-01,9.9949,1.7182,0.9328,18.0,0.0,8.8657,10.4615,7.2493,11.6908,1.7394,2.9619,-0.4666,8.2555,0.7,0.8,0.45,0.68
2018-12-01,9.7771,1.3636,-1.9194,18.0,0.0,8.1393,10.3181,7.4495,11.2508,1.5334,2.6031,-0.541,8.2437,0.7,0.8,0.45,0.68
2019-01-01,9.2363,1.2364,0.0241,18.0,0.0,7.8002,10.4811,7.7601,11.3273,2.0272,2.9619,-1.2448,7.2092,0.7,0.8,0.45,0.68
2019-02-01,8.8033,1.3818,-3.1636,18.0,0.0,8.2093,10.7744,7.6028,11.678,1.1961,3.0475,-1.9711,7.6072,0.7,0.8,0.45,0.68
2019-03-01,8.588,1.4455,-0.5426,18.0,0.0,8.2439,10.8918,8.2229,11.5786,3.1779,3.0094,-2.3038,5.4102,0.7,0.8,0.45,0.68
2019-04-01,8.8035,1.6545,-3.1875,17.5,-0.5,8.2957,11.008,8.1821,11.484,7.5228,3.5269,-2.2045,1.2806,0.7,0.8,0.45,0.68
2019-05-01,9.5651,1.1909,1.0457,17.5,0.0,8.1955,10.3979,6.9633,10.7329,11.9794,3.6857,-0.8328,-2.4143,0.7,0.8,0.45,0.68
2019-06-01,9.0173,1.1818,-0.636,17.5,0.0,7.7343,10.3188,7.0468,10.8299,17.6549,3.265,-1.3016,-8.6376,0.7,0.8,0.45,0.68
2019-07-01,9.1271,0.8818,-6.0661,17.0,-0.5,7.7026,10.0563,6.9717,10.6082,12.7424,3.2269,-0.9292,-3.6153,0.7,0.8,0.45,0.68
2019-08-01,8.7997,0.9545,-0.1545,17.0,0.0,7.3874,10.0605,7.1615,10.6521,11.213,3.3063,-1.2608,-2.4133,0.7,0.8,0.45,0.68
2019-09-01,7.5184,0.7636,-5.9077,16.5,-0.5,6.8537,9.9115,6.6333,10.7152,12.3103,2.5475,-2.393,-4.7918,0.7,0.8,0.45,0.68
2019-10-01,6.4612,0.6636,5.2711,15.5,-1.0,6.1855,9.9483,5.9356,10.5194,18.5266,2.4063,-3.4871,-12.0653,0.7,0.8,0.45,0.68
2019-11-01,5.0963,0.8727,-4.8293,15.5,0.0,6.9159,10.4122,6.7223,10.955,19.0633,2.3713,-5.3158,-13.967,0.7,0.8,0.45,0.68
2019-12-01,4.0537,1.2364,-0.1103,13.5,-2.0,7.3824,11.0754,7.3371,12.1885,20.6234,2.492,-7.0216,-16.5697,0.7,0.8,0.45,0.68
2020-01-01,3.2295,1.3,3.9083,11.0,-2.5,6.7709,11.6137,8.5328,12.5654,25.4737,2.5507,-8.3842,-22.2442,0.7,0.8,0.45,0.68
2020-02-01,2.4078,1.0727,-2.0043,11.0,0.0,5.6315,11.6635,8.2023,12.7507,28.9006,2.4238,-9.2557,-26.4928,0.7,0.8,0.45,0.68
2020-03-01,2.3063,0.6455,13.9514,10.0,-1.0,3.1665,11.1118,7.348,11.7127,37.7825,1.6682,-8.8055,-35.4762,0.7,0.8,0.45,0.68
2020-04-01,2.1037,0.1364,-5.7131,8.0,-2.0,0.4833,10.6447,7.1986,10.9103,58.6238,0.3951,-8.541,-56.5201,0.7,0.8,0.45,0.68
2020-05-01,1.6982,-0.0909,1.2945,8.0,0.0,2.1878,11.6002,8.7475,12.8273,79.7002,-0.343,-9.9021,-78.0021,0.7,0.8,0.45,0.68
2020-06-01,2.4136,0.1,1.0965,6.0,-2.0,4.1372,12.4707,9.8201,13.9063,46.3581,-0.4192,-10.0571,-43.9445,0.7,0.8,0.45,0.68
2020-07-01,2.4136,0.3636,8.3156,6.0,0.0,4.4912,12.957,10.0709,13.6807,48.111,0.5951,-10.5434,-45.6974,0.7,0.8,0.45,0.68
2020-08-01,2.5163,-0.3182,0.5711,6.0,0.0,4.8513,12.3838,8.0652,13.0995,43.4516,0.1189,-9.8675,-40.9352,0.7,0.8,0.45,0.68
2020-09-01,2.3127,-0.3,1.207,6.0,0.0,4.1817,12.4269,9.4107,13.399,41.7208,0.1157,-10.1141,-39.4081,0.7,0.8,0.45,0.68
2020-10-01,2.6175,-0.2818,0.5043,6.0,0.0,4.4153,12.4878,9.9232,13.557,43.914,-0.1843,-9.8703,-41.2964,0.7,0.8,0.45,0.68
2020-11-01,3.8477,-0.2636,1.9662,6.0,0.0,4.8263,12.4506,10.1022,13.708,29.8702,-0.2049,-8.6028,-26.0225,0.7,0.8,0.45,0.68
2020-12-01,4.9923,-0.2545,2.2709,6.0,0.0,5.581,12.0821,9.1587,13.4917,39.2842,-0.0255,-7.0898,-34.2918,0.7,0.8,0.45,0.68
2021-01-01,6.1449,0.5,-1.848,6.0,0.0,6.6761,12.3382,9.1984,13.4262,31.1554,0.0157,-6.1933,-25.0105,0.7,0.8,0.45,0.68
2021-02-01,7.529,0.5273,0.1243,6.0,0.0,8.1768,12.2349,10.0655,13.7253,28.9884,0.357,-4.706,-21.4594,0.7,0.8,0.45,0.68
2021-03-01,8.4891,0.9364,-4.2555,6.5,0.5,10.9758,12.8276,10.9494,15.1592,15.4551,0.7538,-4.3386,-6.9661,0.7,0.8,0.45,0.68
2021-04-01,8.3814,1.3182,2.7709,7.5,1.0,13.2011,13.0871,10.8218,15.2529,-5.1381,1.9063,-4.7057,13.5195,0.7,0.8,0.45,0.68
2021-05-01,9.462,1.7091,-0.7552,7.5,0.0,11.9628,12.138,8.9078,13.2444,-15.2749,2.7238,-2.676,24.7369,0.7,0.8,0.45,0.68
2021-06-01,9.462,1.6727,-3.3122,7.5,0.0,10.9538,11.3648,8.8432,12.8779,-3.1575,2.865,-1.9028,12.6195,0.7,0.8,0.45,0.68
2021-07-01,10.2329,1.8091,-1.1768,8.0,0.5,11.0483,11.0999,8.8785,13.1691,-1.8357,3.0063,-0.8671,12.0685,0.7,0.8,0.45,0.68
2021-08-01,10.2329,2.6818,-0.7155,8.0,0.0,10.8321,11.5924,9.7744,14.3393,3.0429,3.6825,-1.3595,7.1899,0.7,0.8,0.45,0.68
2021-09-01,11.0007,2.9909,-2.2826,8.5,0.5,11.7009,11.7271,10.1934,14.1389,3.7567,4.8031,-0.7265,7.244,0.7,0.8,0.45,0.68
2021-10-01,10.8907,3.8,-1.5543,8.5,0.0,12.3479,12.3179,11.0969,14.4471,1.924,6.1031,-1.4271,8.9667,0.7,0.8,0.45,0.68
2021-11-01,10.3434,4.6727,0.4739,8.5,0.0,11.9722,12.9826,11.4288,15.1152,15.4899,7.2556,-2.6392,-5.1465,0.7,0.8,0.45,0.68
2021-12-01,10.0153,4.8,0.8917,9.0,0.5,10.9021,13.2748,11.8388,15.2238,8.1177,7.6525,-3.2595,1.8976,0.7,0.8,0.45,0.68
2022-01-01,10.0153,5.3,3.5164,10.0,1.0,11.2462,13.6803,11.9689,16.1857,9.167,7.4381,-3.6649,0.8483,0.7,0.8,0.45,0.68
2022-02-01,10.6689,6.0545,3.5016,10.0,0.0,10.8946,14.6276,12.4503,16.4284,10.3803,8.6143,-3.9587,0.2886,0.15,0.1,0.35,0.175
2022-03-01,13.7158,7.5545,-1.7796,10.0,0.0,13.6241,17.403,14.5232,18.9357,17.8098,11.108,-3.6872,-4.094,0.15,0.1,0.35,0.175
2022-04-01,16.426,7.7273,-6.0035,10.0,0.0,15.7598,20.1745,18.855,25.647,21.2821,12.8112,-3.7485,-4.8561,0.15,0.1,0.35,0.175
2022-05-01,18.0351,8.3727,2.625,10.0,0.0,17.1436,23.0519,22.0017,28.9979,13.2335,15.8923,-5.0168,4.8016,0.15,0.1,0.35,0.175
2022-06-01,21.4513,9.1455,-2.3299,25.0,15.0,20.0137,25.7018,24.1496,31.331,26.6023,17.921,-4.2506,-5.151,0.15,0.1,0.35,0.175
2022-07-01,22.1792,9.4636,18.4036,24.5,-0.5,20.5068,27.7079,26.2824,33.7721,33.015,19.5878,-5.5287,-10.8358,0.15,0.1,0.35,0.175
2022-08-01,23.7708,9.6273,-0.9235,24.5,0.0,21.7785,29.5929,28.0477,35.6824,31.3567,19.7291,-5.8221,-7.586,0.15,0.1,0.35,0.175
2022-09-01,24.6269,10.4182,-3.0336,23.75,-0.75,22.3535,31.6904,30.4239,38.3853,34.3543,20.2259,-7.0635,-9.7274,0.15,0.1,0.35,0.175
2022-10-01,26.6031,10.7273,2.3577,23.75,0.0,23.9207,33.1787,32.2824,39.8038,36.6859,20.0084,-6.5756,-10.0828,0.15,0.1,0.35,0.175
2022-11-01,26.4775,9.8,4.1029,23.0,-0.75,23.7823,33.498,32.6501,41.8171,32.8215,20.2353,-7.0205,-6.344,0.15,0.1,0.35,0.175
2022-12-01,26.6032,9.1091,2.6446,22.5,-0.5,23.8185,33.7999,33.3932,41.5642,34.6216,19.3385,-7.1966,-8.0184,0.15,0.1,0.35,0.175
2023-01-01,25.9784,8.3182,2.3475,22.5,0.0,23.1261,34.0749,33.8972,42.584,37.9059,19.7497,-8.0966,-11.9276,0.15,0.1,0.35,0.175
2023-02-01,24.8624,8.0818,-3.2242,22.0,-0.5,22.0755,34.2654,33.8465,43.0245,40.5813,18.7179,-9.403,-15.7189,0.15,0.1,0.35,0.175
2023-03-01,21.2778,6.4909,2.9857,21.5,-0.5,18.7943,31.2522,32.3713,41.2242,34.474,16.1685,-9.9744,-13.1961,0.15,0.1,0.35,0.175
2023-04-01,17.8665,6.3091,1.41,21.5,0.0,16.1678,28.0217,26.4734,32.4959,30.7036,14.0511,-10.1552,-12.8371,0.15,0.1,0.35,0.175
2023-05-01,15.3416,5.5727,-2.6774,21.25,-0.25,13.8479,24.9486,23.091,30.459,30.5985,11.743,-9.607,-15.2569,0.15,0.1,0.35,0.175
2023-06-01,12.7685,4.7818,1.8174,21.0,-0.25,11.5965,22.0484,21.4285,26.8885,24.4673,8.3475,-9.2799,-11.6988,0.15,0.1,0.35,0.175
2023-07-01,11.3127,4.6,0.6424,18.0,-3.0,10.5519,19.9481,19.7744,25.0061,21.4905,7.0745,-8.6354,-10.1777,0.15,0.1,0.35,0.175
2023-08-01,8.5602,4.5545,-1.1696,17.75,-0.25,8.4656,18.0734,17.2196,22.9325,21.1042,6.3633,-9.5132,-12.544,0.15,0.1,0.35,0.175
2023-09-01,7.0687,3.6636,-3.1556,15.5,-2.25,7.3953,15.7474,14.4434,20.0237,21.7489,4.7552,-8.6787,-14.6802,0.15,0.1,0.35,0.175
2023-10-01,5.2929,2.5455,0.021,11.5,-4.0,6.7309,13.3882,12.9073,17.753,19.0178,3.5377,-8.0953,-13.7249,0.5,0.55,0.4,0.495
2023-11-01,5.0838,2.1727,3.5556,11.5,0.0,6.3774,11.6943,11.3148,16.0744,19.7981,2.2965,-6.6105,-14.7143,0.5,0.55,0.4,0.495
2023-12-01,5.0838,2.6364,5.4773,10.5,-1.0,6.6032,10.8158,9.6353,15.2762,19.4604,2.1584,-5.732,-14.3766,0.5,0.55,0.4,0.495
2024-01-01,4.6668,2.6636,-2.6976,10.5,0.0,6.4322,9.4545,7.9331,14.0389,17.081,2.379,-4.7877,-12.4142,0.5,0.55,0.4,0.495
2024-02-01,4.251,2.6091,0.5154,10.5,0.0,6.3316,8.4668,6.2742,12.7227,15.8573,1.9409,-4.2157,-11.6063,0.5,0.55,0.4,0.495
2024-03-01,3.2239,2.5909,2.5585,10.0,-0.5,6.0278,8.0437,5.8006,11.7845,15.0815,2.1759,-4.8197,-11.8576,0.5,0.55,0.4,0.495
2024-04-01,3.2239,2.5182,0.3068,9.0,-1.0,5.9465,7.69,6.6907,11.7992,15.2026,2.1521,-4.466,-11.9786,0.5,0.55,0.4,0.495
2024-05-01,3.3267,2.6818,3.0586,9.0,0.0,6.0767,7.5408,5.7285,10.9982,16.5267,1.1965,-4.2141,-13.2001,0.5,0.55,0.4,0.495
2024-06-01,4.7617,2.6364,-1.0609,8.75,-0.25,6.8374,7.7345,5.6858,10.8367,19.1418,2.2839,-2.9728,-14.3801,0.5,0.55,0.4,0.495
2024-07-01,5.3941,2.6636,2.4232,8.75,0.0,7.0632,8.1344,6.8762,11.3054,15.9461,1.8315,-2.7403,-10.552,0.5,0.55,0.4,0.495
2024-08-01,7.5319,2.2727,2.855,8.75,0.0,7.7081,8.2359,6.9454,11.4189,17.7516,1.8077,-0.704,-10.2197,0.5,0.55,0.4,0.495
2024-09-01,8.6019,1.9727,0.5446,9.35,0.6,7.7217,8.2552,6.9435,11.4899,15.9273,2.2601,0.3467,-7.3254,0.5,0.55,0.4,0.495
2024-10-01,9.6793,2.1545,-2.9125,9.6,0.25,8.4526,8.6056,6.875,11.4957,13.255,2.6982,1.0737,-3.5757,0.5,0.55,0.4,0.495
2024-11-01,11.2072,2.4,-1.7456,9.6,0.0,9.4652,8.984,6.9378,11.4475,12.3587,2.9395,2.2232,-1.1516,0.5,0.55,0.4,0.495
2024-12-01,11.9802,2.5273,0.1458,10.35,0.75,10.0469,9.3672,7.1186,11.7375,9.765,3.8332,2.613,2.2152,0.5,0.55,0.4,0.495
2025-01-01,12.8725,2.6545,-0.9536,11.35,1.0,10.629,9.8945,7.4016,11.7439,8.5927,3.5538,2.978,4.2798,0.5,0.55,0.4,0.495
2025-02-01,13.4351,2.5273,-0.0356,11.6,0.25,10.6314,10.3055,7.9123,12.256,8.5938,4.0094,3.1296,4.8414,0.5,0.55,0.4,0.495
2025-03-01,14.5639,2.3818,2.8401,12.85,1.25,11.0083,10.8289,8.8752,13.3403,8.5832,3.8301,3.735,5.9806,0.5,0.55,0.4,0.495
2025-04-01,15.1355,2.4,5.5143,13.1,0.25,10.9579,11.2283,9.0479,13.5314,8.8201,4.1857,3.9072,6.3155,0.5,0.55,0.4,0.495
2025-05-01,15.9367,2.1364,-1.0233,13.1,0.0,11.4433,11.4078,9.3495,13.4859,5.4925,4.0507,4.5289,10.4442,0.5,0.55,0.4,0.495
2025-06-01,14.3485,2.2818,4.1429,13.35,0.25,10.9439,11.4073,9.1224,13.3335,4.3364,4.292,2.9412,10.0121,0.5,0.55,0.4,0.495
2025-07-01,14.1198,2.3273,-1.3086,13.35,0.0,10.7166,11.317,8.7708,13.1304,7.1981,4.457,2.8028,6.9217,0.5,0.55,0.4,0.495
2025-08-01,13.2123,2.3636,-0.0291,13.35,0.0,10.2993,11.1951,8.0937,12.7588,5.728,5.087,2.0171,7.4843,0.5,0.55,0.4,0.495
2025-09-01,11.8738,2.4091,0.6352,13.35,0.0,9.8744,11.3266,8.1788,12.8744,6.5015,5.1077,0.5473,5.3723,0.5,0.55,0.4,0.495
2025-10-01,10.8848,2.2636,0.1493,13.35,0.0,9.1404,,,,,5.1458,,,0.5,0.55,0.4,0.495
2025-11-01,9.2525,2.4,0.7367,13.35,0.0,8.3508,,,,,4.7902,,,0.5,0.55,0.4,0.495
2025-12-01,7.9596,2.2818,1.9946,13.35,0.0,7.643,,,,,,,,0.5,0.55,0.4,0.495
