date,UA_actual,EA_factor,EA_mean,FX_depreciation,Policy_spread,Policy_shock,Ukraine_industry_yoy,Ukraine_industry_gap,EA_industry_yoy,Brent_yoy,CF_factor_benchmark,CF_local_projections,CF_svar,CF_augmented_synthetic_control,CF_main,LP_removed_fx,LP_removed_policy,SVAR_removed_fx,SVAR_removed_policy,credibility_shift,fx_channel_weight,policy_channel_weight,credibility_gain_weight,euro_treatment_weight
2000-01-01,,2.047,2.0727,,42.0,0.0,,,,,0.3196,,,14.1571,14.1571,0.0,0.0,,,7.2076,0.2,0.15,1.0,0.345
2000-02-01,,2.2721,2.3182,0.401,31.75,-10.25,,,,,0.8466,,,14.1683,14.1683,-0.0071,-1.3517,,,7.2076,0.2,0.15,1.0,0.345
2000-03-01,,2.3985,2.4455,-1.2796,28.5,-3.25,,,,,1.1426,,,12.6481,12.6481,-0.0146,-1.7704,,,7.2076,0.2,0.15,1.0,0.345
2000-04-01,,2.2187,2.2818,-0.5043,25.25,-3.25,,,,,0.7214,,,13.0243,13.0243,0.0434,-2.0912,,,7.2076,0.2,0.15,1.0,0.345
2000-05-01,,2.3683,2.4364,0.2608,25.25,0.0,,,,,1.0717,,,11.4579,11.4579,0.2142,-1.7318,,,7.2076,0.2,0.15,1.0,0.345
2000-06-01,,2.7643,2.8091,0.4312,24.75,-0.5,,,,,1.9988,,,10.3422,10.3422,0.2067,-1.981,,,7.2076,0.2,0.15,1.0,0.345
2000-07-01,,2.7409,2.8,0.0165,24.75,0.0,,,,,1.9442,,,11.4023,11.4023,0.3957,-1.3361,,,7.2076,0.2,0.15,1.0,0.345
2000-08-01,,2.8784,2.9455,-0.0037,22.75,-2.0,,,,,2.266,,,11.3498,11.3498,0.5331,-2.2795,,,7.2076,0.2,0.15,1.0,0.345
2000-09-01,,3.1352,3.1818,0.0221,22.5,-0.25,,,,,2.8671,,,11.0086,11.0086,0.62,-0.9631,,,7.2076,0.2,0.15,1.0,0.345
2000-10-01,,3.21,3.2909,-0.0515,22.25,-0.25,,,,,3.0424,,,10.4373,10.4373,-0.0968,-0.804,,,7.2076,0.2,0.15,1.0,0.345
2000-11-01,,3.2348,3.3091,-0.0037,22.25,0.0,,,,,3.1004,,,9.7897,9.7897,-0.3449,-0.27,,,7.2076,0.2,0.15,1.0,0.345
2000-12-01,25.816,2.9802,3.0455,-0.0405,22.25,0.0,,,,,2.5043,19.1675,,9.7453,14.4564,-0.1989,-0.3602,,,7.2076,0.2,0.15,1.0,0.345
2001-01-01,22.0872,2.8169,2.9091,-0.0718,22.25,0.0,,,4.8953,0.4441,2.1219,15.0443,,9.2628,12.1536,0.0027,-0.1675,,,7.2076,0.2,0.15,1.0,0.345
2001-02-01,18.8962,2.784,2.8818,-0.0332,22.25,0.0,,,3.8615,-0.9849,2.0449,11.9716,,8.8072,10.3894,0.0302,-0.3132,,,7.2076,0.2,0.15,1.0,0.345
2001-03-01,17.2643,2.8613,2.9545,-0.177,20.25,-2.0,,,3.4239,-11.5118,2.2261,10.3196,,9.4453,9.8824,0.0487,-0.3117,,,7.2076,0.2,0.15,1.0,0.345
2001-04-01,17.0337,3.2941,3.3727,-0.0628,16.25,-4.0,,,1.2135,11.9622,3.2392,10.5632,,8.8264,9.6948,0.0857,-0.8229,,,7.2076,0.2,0.15,1.0,0.345
2001-05-01,15.085,3.5642,3.6182,-0.0111,16.5,0.25,,,0.2188,2.0554,3.8715,8.5038,,9.8376,9.1707,0.1056,-0.7321,,,7.2076,0.2,0.15,1.0,0.345
2001-06-01,11.6447,3.3912,3.4727,-0.6001,14.5,-2.0,,,1.5419,-6.7557,3.4665,5.1914,,9.9044,7.5479,0.1378,-0.8921,,,7.2076,0.2,0.15,1.0,0.345
2001-07-01,9.8566,3.089,3.1727,-0.5458,14.5,0.0,,,-1.5487,-15.2982,2.7591,3.2659,,9.1205,6.1932,0.2119,-0.8289,,,7.2076,0.2,0.15,1.0,0.345
2001-08-01,9.6368,2.9011,2.9818,-0.245,12.75,-1.75,,,0.9831,-16.2,2.3191,3.1582,,9.1237,6.1409,0.3171,-1.0461,,,7.2076,0.2,0.15,1.0,0.345
2001-09-01,7.286,2.7886,2.8909,-0.1743,11.25,-1.5,,,-0.5492,-25.7531,2.0558,0.7473,,9.373,5.0601,0.4051,-1.0741,,,7.2076,0.2,0.15,1.0,0.345
2001-10-01,6.0163,2.7485,2.8273,-0.704,11.25,0.0,,,-2.3244,-41.0457,1.9619,-0.5357,,8.973,4.2187,0.5156,-1.1713,,,7.2076,0.2,0.15,1.0,0.345
2001-11-01,6.1219,2.5251,2.6182,-0.2004,11.75,0.5,,,-3.8657,-54.9135,1.4389,-1.4513,,8.7936,3.6711,0.7183,-0.3527,,,7.2076,0.2,0.15,1.0,0.345
2001-12-01,6.1219,2.6599,2.7727,0.2911,9.25,-2.5,,,-3.6168,-31.6128,1.7544,-1.0751,,8.7905,3.8577,0.8666,-0.8773,,,7.2076,0.2,0.15,1.0,0.345
2002-01-01,5.5991,3.16,3.2636,0.4237,9.25,0.0,,,-2.752,-27.7411,2.9252,-1.6929,,8.6779,3.4925,0.6324,-0.5481,,,7.2076,0.2,0.15,1.0,0.345
2002-02-01,3.4997,2.9098,3.0,0.0094,9.25,0.0,,,-2.9656,-30.49,2.3396,-3.5928,,8.2303,2.3188,0.4635,-0.5786,,,7.2076,0.2,0.15,1.0,0.345
2002-03-01,2.1623,2.9753,3.0727,0.0094,8.25,-1.0,,,-1.6421,-3.3227,2.4928,-4.9145,,7.7178,1.4016,0.3654,-0.4962,,,7.2076,0.2,0.15,1.0,0.345
2002-04-01,2.0616,2.885,2.9818,0.0939,6.75,-1.5,,,-0.8811,0.2783,2.2813,-4.7336,,7.3352,1.3008,0.1882,-0.6007,,,7.2076,0.2,0.15,1.0,0.345
2002-05-01,1.35,2.5738,2.6909,0.0432,6.75,0.0,,,-0.8782,-11.0744,1.553,-5.2057,,6.7209,0.7576,-0.2582,-0.3937,,,7.2076,0.2,0.15,1.0,0.345
2002-06-01,-1.0679,2.364,2.4818,-0.0094,6.75,0.0,,,-0.3284,-14.5348,1.0617,-7.2904,,5.7447,-0.7729,-0.3789,-0.6062,,,7.2076,0.2,0.15,1.0,0.345
2002-07-01,-0.8666,2.4801,2.5727,0.0038,4.75,-2.0,,,0.8879,4.4594,1.3335,-7.3211,,5.5384,-0.8914,-0.2353,-0.5178,,,7.2076,0.2,0.15,1.0,0.345
2002-08-01,-0.8666,2.6315,2.7273,0.0056,4.75,0.0,,,-1.3129,3.7128,1.6879,-7.5144,,5.1083,-1.203,-0.06,-0.4998,,,7.2076,0.2,0.15,1.0,0.345
2002-09-01,-1.0641,2.5439,2.6455,0.0038,4.75,0.0,,,0.5492,10.3019,1.4829,-7.7393,,4.937,-1.4012,-0.0703,-0.4621,,,7.2076,0.2,0.15,1.0,0.345
2002-10-01,-0.5704,2.6736,2.7636,0.0131,4.75,0.0,,,1.6658,29.3482,1.7866,-7.3345,,5.2276,-1.0535,-0.0636,-0.3799,,,7.2076,0.2,0.15,1.0,0.345
2002-11-01,-0.3725,2.6819,2.7636,0.0188,4.75,0.0,,,2.5571,25.8214,1.806,-7.319,,5.1069,-1.106,-0.0205,-0.2406,,,7.2076,0.2,0.15,1.0,0.345
2002-12-01,-0.5686,2.678,2.7455,0.0225,4.25,-0.5,,,0.223,41.5275,1.7968,-7.5893,,4.8625,-1.3634,-0.0059,-0.181,,,7.2076,0.2,0.15,1.0,0.345
2003-01-01,-0.0764,2.5399,2.6182,0.0094,4.25,0.0,,,1.6602,47.3754,1.4735,-6.9341,,4.615,-1.1596,-0.0157,-0.3342,,,7.2076,0.2,0.15,1.0,0.345
2003-02-01,2.4572,2.8586,2.9273,0.03,4.25,0.0,,,1.8775,48.0131,2.2197,-4.669,,5.0087,0.1698,-0.0211,-0.0603,,,7.2076,0.2,0.15,1.0,0.345
2003-03-01,4.3144,2.7466,2.8091,0.0,4.5,0.25,,,0.1103,25.607,1.9573,-2.8546,,5.2737,1.2096,-0.027,-0.0116,,,7.2076,0.2,0.15,1.0,0.345
2003-04-01,3.5943,2.397,2.4636,-0.015,4.5,0.0,,,0.7714,-2.6023,1.1388,-3.552,,5.2849,0.8665,-0.0339,-0.0274,,,7.2076,0.2,0.15,1.0,0.345
2003-05-01,3.906,2.1138,2.1909,-0.0131,4.5,0.0,,,-1.3319,2.001,0.4759,-3.2731,,4.9549,0.8409,-0.0299,0.0014,,,7.2076,0.2,0.15,1.0,0.345
2003-06-01,5.9164,2.2043,2.2727,-0.0038,5.0,0.5,,,-1.77,13.8278,0.6878,-1.2882,,5.8248,2.2683,-0.0241,0.021,,,7.2076,0.2,0.15,1.0,0.345
2003-07-01,7.4218,2.1473,2.2182,-0.0188,5.0,0.0,,,0.6608,9.6687,0.5544,0.1311,,6.0692,3.1001,-0.0124,0.0955,,,7.2076,0.2,0.15,1.0,0.345
2003-08-01,5.8073,2.2339,2.3,-0.0056,5.0,0.0,,,-0.885,11.462,0.7572,-1.4738,,5.6073,2.0667,-0.0013,0.0747,,,7.2076,0.2,0.15,1.0,0.345
2003-09-01,6.2297,2.2886,2.3364,0.0,5.0,0.0,,,-1.768,-4.6386,0.8851,-1.075,,5.7405,2.3327,0.0188,0.0782,,,7.2076,0.2,0.15,1.0,0.345
2003-10-01,6.8626,2.1088,2.1455,0.0075,5.0,0.0,,,1.5301,7.2289,0.4643,-0.426,,5.8786,2.7263,0.0209,0.0601,,,7.2076,0.2,0.15,1.0,0.345
2003-11-01,8.136,2.2149,2.2455,0.0019,5.0,0.0,,,0.9831,16.6799,0.7126,0.8827,,5.8486,3.3656,0.017,0.0288,,,7.2076,0.2,0.15,1.0,0.345
2003-12-01,8.2427,2.0516,2.0727,-0.0094,5.0,0.0,,,2.4204,5.0668,0.3303,0.9557,,5.7867,3.3712,0.0122,0.0672,,,7.2076,0.2,0.15,1.0,0.345
2004-01-01,8.136,1.7961,1.8182,-0.0075,5.0,0.0,,,0.7654,0.3116,-0.2677,0.9181,,5.9835,3.4508,0.0103,0.0,,,7.2076,0.2,0.15,1.0,0.345
2004-02-01,7.3873,1.6614,1.6909,-0.0225,5.0,0.0,,,1.3044,-6.0132,-0.5832,0.1778,,6.2391,3.2085,0.0019,0.0,,,7.2076,0.2,0.15,1.0,0.345
2004-03-01,6.6438,1.5904,1.6273,-0.0113,5.0,0.0,,,1.5318,9.4143,-0.7495,-0.5654,,6.5122,2.9734,0.0015,0.0,,,7.2076,0.2,0.15,1.0,0.345
2004-04-01,6.6438,1.871,1.8909,-0.0113,5.0,0.0,,,2.0642,29.2674,-0.0924,-0.5714,,6.6265,3.0275,0.0076,0.0,,,7.2076,0.2,0.15,1.0,0.345
2004-05-01,7.3903,2.2318,2.2364,-0.0695,5.0,0.0,,,4.0509,37.3533,0.7522,0.1653,,7.4584,3.8118,0.0174,0.0,,,7.2076,0.2,0.15,1.0,0.345
2004-06-01,8.034,2.2924,2.3,-0.0808,5.5,0.5,,,3.7244,24.0852,0.894,0.7292,,7.3171,4.0232,0.0312,0.0659,,,7.2076,0.2,0.15,1.0,0.345
2004-07-01,8.1421,2.191,2.2,-0.0884,5.5,0.0,,,2.9207,29.8814,0.6566,0.8227,,7.7346,4.2787,0.0463,0.0655,,,7.2076,0.2,0.15,1.0,0.345
2004-08-01,9.9023,2.1658,2.1636,-0.0828,5.5,0.0,,,2.3065,35.7771,0.5977,2.5696,,8.6696,5.6196,0.0647,0.0603,,,7.2076,0.2,0.15,1.0,0.345
2004-09-01,10.6671,1.9618,1.9818,-0.0735,5.5,0.0,,,3.9349,46.578,0.1201,3.3257,,8.4014,5.8635,0.0892,0.0446,,,7.2076,0.2,0.15,1.0,0.345
2004-10-01,11.6503,2.2777,2.3,-0.0226,6.0,0.5,,,1.6138,51.9508,0.8597,4.1939,,7.9426,6.0683,0.1226,0.1261,,,7.2076,0.2,0.15,1.0,0.345
2004-11-01,11.3216,2.1823,2.2182,-0.0057,7.0,1.0,,,0.6501,40.5041,0.6364,3.7376,,7.757,5.7473,0.1502,0.2261,,,7.2076,0.2,0.15,1.0,0.345
2004-12-01,12.3087,2.1715,2.1909,-0.0151,7.0,0.0,,,0.8658,28.4136,0.6109,4.7002,,7.7126,6.2064,0.1424,0.2584,,,7.2076,0.2,0.15,1.0,0.345
2005-01-01,12.6409,1.9529,2.0273,-0.0283,7.0,0.0,,,2.0486,35.2682,0.0993,5.1439,,7.1538,6.1489,0.1241,0.1653,,,7.2076,0.2,0.15,1.0,0.345
2005-02-01,13.3141,1.9966,2.0364,-0.0924,7.0,0.0,,,0.7531,38.775,0.2015,5.8629,,7.392,6.6274,0.0943,0.1493,,,7.2076,0.2,0.15,1.0,0.345
2005-03-01,14.6684,2.1719,2.1818,-0.3441,7.0,0.0,,,1.4016,45.6715,0.612,7.2396,,6.9538,7.0967,0.0721,0.1491,,,7.2076,0.2,0.15,1.0,0.345
2005-04-01,14.6684,2.1316,2.1545,-4.4689,7.0,0.0,,,1.917,43.4751,0.5177,7.1787,,7.6982,7.4385,0.1573,0.1247,,,7.2076,0.2,0.15,1.0,0.345
2005-05-01,14.5546,1.9178,1.9545,0.0,7.0,0.0,,,0.2144,25.8416,0.0171,6.6794,,7.2426,6.961,0.5332,0.1344,,,7.2076,0.2,0.15,1.0,0.345
2005-06-01,14.4408,1.9567,1.9909,0.099,7.0,0.0,,,1.3882,43.4947,0.1081,6.1473,,7.1601,6.6537,1.0858,0.0,,,7.2076,0.2,0.15,1.0,0.345
2005-07-01,14.7841,2.1685,2.2182,-0.099,7.0,0.0,,,1.0605,40.8738,0.604,6.2829,,6.9395,6.6112,1.2936,0.0,,,7.2076,0.2,0.15,1.0,0.345
2005-08-01,14.899,2.2462,2.2818,0.0,7.5,0.5,,,1.6155,40.3394,0.786,5.4243,,6.8364,6.1303,2.2012,0.0659,,,7.2076,0.2,0.15,1.0,0.345
2005-09-01,13.8782,2.5658,2.5909,0.0,7.5,0.0,,,1.9109,37.5909,1.5342,4.1855,,7.6269,5.9062,2.4196,0.0655,,,7.2076,0.2,0.15,1.0,0.345
2005-10-01,12.4297,2.3359,2.3727,0.0,7.5,0.0,,,1.5882,16.214,0.9959,3.1231,,7.8031,5.4631,2.0386,0.0603,,,7.2076,0.2,0.15,1.0,0.345
2005-11-01,11.987,2.2021,2.2364,0.0,7.5,0.0,,,4.3324,24.7955,0.6828,4.7407,,7.7682,6.2545,-0.0059,0.0446,,,7.2076,0.2,0.15,1.0,0.345
2005-12-01,10.3466,2.212,2.2545,0.0,7.25,-0.25,,,3.1816,36.1633,0.7059,3.1072,,7.4301,5.2686,0.0046,0.0272,,,7.2076,0.2,0.15,1.0,0.345
2006-01-01,9.8041,2.3326,2.3455,0.0,7.25,0.0,,,2.9445,34.7209,0.9882,2.5548,,7.8094,5.1821,0.0456,-0.004,,,7.2076,0.2,0.15,1.0,0.345
2006-02-01,10.6738,2.3746,2.4,0.0,7.25,0.0,,,3.2686,28.0676,1.0865,3.4292,,7.3301,5.3796,0.0,0.037,,,7.2076,0.2,0.15,1.0,0.345
2006-03-01,8.6041,2.2875,2.3273,0.0,7.0,-0.25,,,3.9879,15.5916,0.8826,1.4518,,6.9713,4.2115,0.0,-0.0553,,,7.2076,0.2,0.15,1.0,0.345
2006-04-01,7.4178,2.5542,2.5818,0.0,7.0,0.0,,,2.7057,30.3196,1.507,0.273,,6.2857,3.2793,0.0,-0.0628,,,7.2076,0.2,0.15,1.0,0.345
2006-05-01,7.311,2.6382,2.6545,0.0,7.0,0.0,,,5.6206,36.0745,1.7037,0.1479,,7.1413,3.6446,0.0,-0.0446,,,7.2076,0.2,0.15,1.0,0.345
2006-06-01,6.7777,2.5347,2.5545,0.0,5.75,-1.25,,,4.7628,23.2121,1.4614,-0.2093,,6.4857,3.1382,0.0,-0.2207,,,7.2076,0.2,0.15,1.0,0.345
2006-07-01,7.4164,2.508,2.5455,0.0,5.75,0.0,,,3.9302,24.7521,1.3989,0.4025,,6.8556,3.629,0.0,-0.1937,,,7.2076,0.2,0.15,1.0,0.345
2006-08-01,7.4164,2.396,2.4364,0.0,5.5,-0.25,,,5.4067,13.4986,1.1365,0.407,,6.6556,3.5313,0.0,-0.1982,,,7.2076,0.2,0.15,1.0,0.345
2006-09-01,9.1282,1.9206,1.9727,0.0,5.5,0.0,,,4.0191,-1.521,0.0236,2.0984,,5.8175,3.9579,0.0,-0.1778,,,7.2076,0.2,0.15,1.0,0.345
2006-10-01,10.9669,1.7479,1.8091,0.0,5.25,-0.25,,,3.6105,-1.2556,-0.3806,3.9727,,5.435,4.7038,0.0,-0.2135,,,7.2076,0.2,0.15,1.0,0.345
2006-11-01,11.6248,1.975,2.0182,0.0,5.25,0.0,,,2.9549,6.1764,0.151,4.5441,,5.9699,5.257,0.0,-0.127,,,7.2076,0.2,0.15,1.0,0.345
2006-12-01,11.6248,2.0562,2.1091,0.0,5.0,-0.25,,,5.4836,9.4203,0.3411,4.6783,,6.3287,5.5035,0.0,-0.2612,,,7.2076,0.2,0.15,1.0,0.345
2007-01-01,10.8527,1.9446,1.9909,0.0,5.0,0.0,111.7,11.7,4.2603,-15.9833,0.0798,3.7144,,6.4811,5.0978,0.0,-0.0694,,,7.2076,0.2,0.15,1.0,0.345
2007-02-01,9.5459,1.9202,1.9727,0.0,5.0,0.0,107.8,7.8,4.8593,-4.5084,0.0226,2.4321,,6.5192,4.4757,0.0,-0.0938,,,7.2076,0.2,0.15,1.0,0.345
2007-03-01,10.0953,2.048,2.1,0.0,4.75,-0.25,106.9,6.9,4.7221,-0.0231,0.322,2.9573,2.8785,7.5098,2.9573,0.0,-0.0696,0.0001,0.0091,7.2076,0.2,0.15,1.0,0.345
2007-04-01,10.5375,2.0477,2.0909,0.0,4.75,0.0,109.2,9.2,3.1332,-4.0286,0.3213,3.4262,3.3028,7.7685,3.4262,0.0,-0.0964,0.0032,0.0238,7.2076,0.2,0.15,1.0,0.345
2007-05-01,10.6475,1.9257,1.9727,0.0,4.75,0.0,105.5,5.5,3.3834,-3.7448,0.0355,3.4844,3.3937,6.9955,3.4844,0.0,-0.0446,0.0126,0.0335,7.2076,0.2,0.15,1.0,0.345
2007-06-01,12.9687,1.9514,1.9909,0.0,4.0,-0.75,107.0,7.0,3.5754,3.5674,0.0957,5.9159,5.7266,7.8685,5.9159,0.0,-0.1548,0.0093,0.0252,7.2076,0.2,0.15,1.0,0.345
2007-07-01,13.5285,1.8924,1.9273,0.0,4.0,0.0,105.6,5.6,3.9767,4.3242,-0.0424,6.4492,6.3372,8.386,6.4492,0.0,-0.1283,-0.0203,0.0041,7.2076,0.2,0.15,1.0,0.345
2007-08-01,14.2097,1.7156,1.7455,0.0,4.0,0.0,109.5,9.5,4.2602,-3.4305,-0.4563,7.107,7.0417,9.1273,7.107,0.0,-0.1049,-0.0436,0.004,7.2076,0.2,0.15,1.0,0.345
2007-09-01,14.4337,2.0709,2.0909,0.0,4.0,0.0,105.3,5.3,3.8638,21.9586,0.3756,7.3265,7.2906,10.386,7.3265,0.0,-0.1005,-0.066,0.0014,7.2076,0.2,0.15,1.0,0.345
2007-10-01,14.7683,2.507,2.5091,0.0,4.0,0.0,113.9,13.9,4.8452,35.3727,1.3964,7.6508,7.677,11.9004,7.677,0.0,-0.0902,-0.1104,-0.006,7.2076,0.2,0.15,1.0,0.345
2007-11-01,15.2192,2.9835,2.9818,0.0,4.0,0.0,104.0,4.0,3.3567,45.2797,2.512,8.0547,8.1448,12.2766,8.1448,0.0,-0.0432,-0.1149,-0.0183,7.2076,0.2,0.15,1.0,0.345
2007-12-01,16.5895,3.002,2.9909,0.0,4.0,0.0,100.3,0.3,2.2473,37.5335,2.5555,9.4827,9.4647,12.4941,9.4827,0.0,-0.1008,-0.0529,-0.0299,7.2076,0.2,0.15,1.0,0.345
2008-01-01,19.3737,3.2771,3.2273,0.0,6.0,2.0,105.0,5.0,3.7998,54.0655,3.1993,11.9024,12.162,13.8878,12.162,0.0,0.2637,-0.0113,0.0154,7.2076,0.2,0.15,1.0,0.345
2008-02-01,21.8656,3.3517,3.3273,0.0,6.0,0.0,107.2,7.2,3.3045,50.098,3.374,14.3962,14.6297,14.7465,14.6297,0.0,0.2618,-0.0147,0.0429,7.2076,0.2,0.15,1.0,0.345
2008-03-01,26.244,3.6621,3.6182,0.0,6.0,0.0,102.3,2.3,1.8474,51.2932,4.1008,18.795,19.0623,14.9703,18.795,0.0,0.2414,-0.0386,0.0127,7.2076,0.2,0.15,1.0,0.345
2008-04-01,30.1576,3.3447,3.3091,0.0,8.0,2.0,102.8,2.8,4.6656,48.0085,3.3576,22.5079,22.9639,15.6053,22.5079,0.0,0.4421,-0.0525,0.0386,7.2076,0.2,0.15,1.0,0.345
2008-05-01,31.0633,3.8543,3.8091,-3.9997,8.0,0.0,104.8,4.8,-0.294,60.2678,4.5507,23.2825,23.8877,15.8021,23.2825,0.0707,0.5024,-0.0738,0.0417,7.2076,0.2,0.15,1.0,0.345
2008-06-01,29.2679,4.1555,4.1,-0.0639,8.0,0.0,100.8,0.8,-0.2931,62.1918,5.2559,21.3309,22.2581,15.6846,21.3309,0.3728,0.3565,-0.2138,0.0159,7.2076,0.2,0.15,1.0,0.345
2008-07-01,26.8457,4.1587,4.1091,-0.0784,7.75,-0.25,102.9,2.9,-1.2752,54.5332,5.2635,18.3741,20.0417,14.9735,18.3741,0.8498,0.4141,-0.4283,0.0246,7.2076,0.2,0.15,1.0,0.345
2008-08-01,25.9631,4.0169,3.9727,0.0124,7.75,0.0,96.7,-3.3,-2.2561,47.0233,4.9314,17.5537,19.2508,14.0528,17.5537,0.9939,0.2079,-0.516,0.0206,7.2076,0.2,0.15,1.0,0.345
2008-09-01,24.6073,3.9239,3.8818,0.3152,7.75,0.0,98.5,-1.5,-2.8587,23.1077,4.7136,15.5046,17.9458,13.1941,15.5046,1.8101,0.0849,-0.613,0.0669,7.2076,1.0,0.65,1.0,0.895
2008-10-01,23.1542,3.3856,3.3455,16.9763,8.25,0.5,78.9,-21.1,-5.6591,-14.0011,3.4535,13.8166,16.5972,12.4004,13.8166,1.7046,0.4254,-0.8265,0.1758,7.2076,1.0,0.65,1.0,0.895
2008-11-01,22.3107,2.3632,2.3545,15.732,8.75,0.5,72.7,-27.3,-8.8248,-56.6371,1.0598,11.9212,14.9103,10.6098,11.9212,2.5484,0.6334,0.0031,0.1897,7.2076,1.0,0.65,1.0,0.895
2008-12-01,22.3107,1.7955,1.7909,13.2893,9.5,0.75,75.7,-24.3,-13.4222,-82.2506,-0.2693,8.5296,11.9794,9.5748,9.5748,5.322,1.2514,3.0839,0.0397,7.2076,1.0,0.65,1.0,0.895
2009-01-01,22.3107,1.3192,1.3455,0.0,10.0,0.5,69.2,-30.8,-18.769,-75.2353,-1.3844,2.2994,8.5289,9.1018,8.5289,10.967,1.8366,6.7083,-0.1342,7.2076,1.0,0.65,1.0,0.895
2009-02-01,20.8815,1.2992,1.2909,0.0,10.0,0.0,72.2,-27.8,-21.1028,-78.5011,-1.4312,-6.063,4.5164,8.8843,4.5164,17.6125,2.1243,9.3545,-0.197,7.2076,1.0,0.65,1.0,0.895
2009-03-01,18.0866,0.6051,0.6182,0.0,10.5,0.5,73.4,-26.6,-21.6422,-80.0558,-3.0563,-14.1081,1.043,7.6525,1.043,22.748,2.239,9.825,0.0109,7.2076,1.0,0.65,1.0,0.895
2009-04-01,15.5668,0.5977,0.6091,0.0,10.75,0.25,71.5,-28.5,-24.4015,-77.6348,-3.0736,-20.4591,-1.1867,6.0031,-1.1867,26.1937,2.6245,9.2433,0.3025,7.2076,1.0,0.65,1.0,0.895
2009-05-01,14.6541,-0.01,0.0091,-1.0601,11.0,0.25,70.7,-29.3,-18.724,-76.2189,-4.4961,-12.4066,-1.002,4.7094,-1.002,17.3936,2.4595,7.8629,0.5855,7.2076,1.0,0.65,1.0,0.895
2009-06-01,14.9953,-0.2455,-0.2273,0.1508,10.0,-1.0,73.5,-26.5,-18.428,-65.681,-5.0477,-1.909,1.2013,3.657,1.2013,7.8737,1.8229,5.9332,0.6532,7.2076,1.0,0.65,1.0,0.895
2009-07-01,15.4576,-0.6658,-0.6545,0.8833,10.0,0.0,74.7,-25.3,-17.1912,-72.2564,-6.0316,8.0979,3.8508,2.6982,3.8508,-0.2995,0.4516,3.8466,0.5526,7.2076,1.0,0.65,1.0,0.895
2009-08-01,15.3421,-0.2331,-0.2455,3.7105,9.25,-0.75,76.4,-23.6,-16.5792,-44.5834,-5.0186,8.8999,5.8189,2.2014,5.8189,-0.3576,-0.4078,1.9716,0.3439,7.2076,1.0,0.65,1.0,0.895
2009-09-01,14.9998,-0.4721,-0.4818,0.2625,9.25,0.0,80.4,-19.6,-13.4675,-36.2837,-5.578,8.5108,7.1142,1.0902,7.1142,-0.0432,-0.6755,0.6457,0.0322,7.2076,1.0,0.65,1.0,0.895
2009-10-01,14.0952,-0.3401,-0.3364,-0.1249,9.25,0.0,91.9,-8.1,-11.689,1.6451,-5.2689,7.245,7.1125,-0.0654,7.1125,0.7641,-1.1216,-0.153,-0.0719,7.2076,1.0,0.65,1.0,0.895
2009-11-01,13.6455,0.3087,0.2909,-0.239,9.25,0.0,105.0,5.0,-7.4842,37.9496,-3.7501,6.523,7.3788,-0.1623,6.523,1.2344,-1.3195,-0.7417,-0.1992,7.2076,1.0,0.65,1.0,0.895
2009-12-01,12.3098,0.7355,0.6909,0.0514,9.25,0.0,105.3,5.3,-3.5999,62.2664,-2.7508,4.2607,6.4927,-0.1416,4.2607,2.509,-1.6676,-1.1068,-0.2837,7.2076,1.0,0.65,1.0,0.895
2010-01-01,11.1092,0.7616,0.7091,0.2027,9.25,0.0,113.2,13.2,2.3933,56.1564,-2.3295,2.1614,5.4893,-1.5465,2.1614,2.777,-0.6764,-0.9149,-0.3125,6.8473,0.2,0.15,0.95,0.335
2010-02-01,11.5471,0.6996,0.6636,-0.1401,9.25,0.0,108.3,8.3,4.1625,53.1986,-2.4745,3.2527,5.5254,-2.4846,3.2527,2.2266,-0.7795,-0.5486,-0.277,6.8473,0.2,0.15,0.95,0.335
2010-03-01,10.9971,1.3983,1.3636,-0.8168,9.25,0.0,113.8,13.8,7.4877,52.6939,-0.8388,4.1848,4.787,-2.3084,4.1848,-0.0349,0.0,-0.3904,-0.2468,6.8473,0.2,0.15,0.95,0.335
2010-04-01,9.677,1.5072,1.4818,0.0114,9.25,0.0,117.6,17.6,9.0339,52.4849,-0.5838,2.9663,3.4347,-1.3353,2.9663,-0.1366,0.0,-0.3869,-0.218,6.8473,0.2,0.15,0.95,0.335
2010-05-01,8.4766,1.6061,1.6,-0.0101,9.25,0.0,115.1,15.1,8.8293,28.1672,-0.3522,1.6264,2.2311,-0.9972,1.6264,0.0029,0.0,-0.4041,-0.1977,6.8473,0.2,0.15,0.95,0.335
2010-06-01,6.8671,1.4893,1.4909,-0.2286,8.5,-0.75,113.0,13.0,8.2393,8.5863,-0.6257,-0.0732,0.5543,-0.3829,-0.0732,0.1919,-0.0989,-0.3546,-0.1798,6.8473,0.2,0.15,0.95,0.335
2010-07-01,6.7601,1.7611,1.7818,-0.1747,7.5,-1.0,108.6,8.6,7.3438,15.9528,0.0106,-0.2232,0.4938,0.9091,0.4938,0.3661,-0.2301,-0.3897,-0.1912,6.8473,0.2,0.15,0.95,0.335
2010-08-01,8.2578,1.6729,1.7091,-0.09,6.75,-0.75,110.4,10.4,8.4178,6.0614,-0.1959,1.1891,2.0682,1.2503,1.2503,0.5418,-0.3203,-0.4524,-0.2053,6.8473,0.2,0.15,0.95,0.335
2010-09-01,10.5131,1.9114,1.9455,0.3468,6.75,0.0,111.2,11.2,5.9951,14.0371,0.3626,3.4819,4.3666,1.8265,3.4819,0.4697,-0.2858,-0.4854,-0.2153,6.8473,0.2,0.15,0.95,0.335
2010-10-01,10.075,2.109,2.1182,-0.024,6.75,0.0,110.3,10.3,7.1973,12.7496,0.8252,3.366,3.879,2.344,3.366,0.1317,-0.2699,-0.4291,-0.2222,6.8473,0.2,0.15,0.95,0.335
2010-11-01,9.204,2.0123,2.0091,0.3331,6.75,0.0,111.2,11.2,7.6961,10.6472,0.5987,2.4434,3.3084,2.9377,2.9377,0.1437,-0.2303,-0.7426,-0.209,6.8473,0.2,0.15,0.95,0.335
2010-12-01,9.0958,2.3969,2.4,0.2981,6.75,0.0,111.9,11.9,8.6629,20.5544,1.4991,2.3786,3.3263,3.5346,3.3263,0.1185,-0.2486,-0.9114,-0.1664,6.8473,0.2,0.15,0.95,0.335
2011-01-01,8.2384,2.622,2.6182,-0.2729,6.75,0.0,109.6,9.6,6.4327,23.6853,2.026,1.6848,2.5421,4.222,2.5421,-0.116,-0.1775,-1.0154,-0.1354,6.8473,0.2,0.15,0.95,0.335
2011-02-01,7.1762,2.7779,2.7636,-0.1172,6.75,0.0,110.5,10.5,7.9433,34.095,2.3912,0.6698,1.1959,4.5839,1.1959,-0.24,-0.1008,-0.7643,-0.1026,6.8473,0.2,0.15,0.95,0.335
2011-03-01,7.7073,2.9397,2.9091,0.3688,6.75,0.0,108.9,8.9,6.0298,37.4567,2.7699,1.1672,1.49,4.9045,1.49,-0.3071,0.0,-0.5437,-0.0862,6.8473,0.2,0.15,0.95,0.335
2011-04-01,9.4359,3.0202,2.9818,0.0678,6.5,-0.25,105.7,5.7,5.3892,37.3784,2.9584,2.8568,3.0011,5.1458,3.0011,-0.2352,-0.033,-0.3174,-0.0951,6.8473,0.2,0.15,0.95,0.335
2011-05-01,10.9772,2.906,2.8545,0.0653,6.5,0.0,109.1,9.1,3.9304,41.4821,2.691,4.4019,4.326,5.5633,4.4019,-0.2392,-0.0327,-0.0846,-0.1114,6.8473,0.2,0.15,0.95,0.335
2011-06-01,11.8686,2.8618,2.8091,0.0213,6.5,0.0,107.8,7.8,2.3556,42.0439,2.5875,5.1087,5.0651,5.3808,5.1087,-0.0572,-0.0302,0.0829,-0.1266,6.8473,0.2,0.15,0.95,0.335
2011-07-01,10.6356,2.8344,2.7818,-0.0138,6.25,-0.25,109.3,9.3,4.0561,43.6756,2.5233,3.8551,3.7165,4.3444,3.8551,-0.0116,-0.0553,0.1967,-0.1249,6.8473,0.2,0.15,0.95,0.335
2011-08-01,8.8864,2.7054,2.6273,-0.0063,6.25,0.0,110.4,10.4,2.8649,35.8155,2.2212,2.2841,1.9291,4.5381,2.2841,-0.1821,-0.0628,0.2235,-0.1134,6.8473,0.2,0.15,0.95,0.335
2011-09-01,5.9235,3.0837,3.0273,0.0251,6.25,0.0,108.7,8.7,2.0267,37.1254,3.1071,-0.6437,-1.0564,4.2937,-0.6437,-0.2355,-0.0446,0.1991,-0.0665,6.8473,0.2,0.15,0.95,0.335
2011-10-01,5.3965,3.101,3.0455,0.0539,6.25,0.0,107.7,7.7,0.8511,28.1588,3.1476,-1.3224,-1.5749,4.1556,-1.3224,-0.0724,-0.0559,0.1571,-0.033,6.8473,0.2,0.15,0.95,0.335
2011-11-01,5.1863,3.1074,3.0455,0.1591,6.5,0.25,106.4,6.4,0.1058,26.156,3.1626,-1.6175,-1.8146,3.8969,-1.6175,-0.0463,0.0029,0.146,0.0077,6.8473,0.2,0.15,0.95,0.335
2011-12-01,4.5602,2.7733,2.7091,0.0013,6.75,0.25,103.6,3.6,-1.1622,16.5174,2.3802,-2.306,-2.4076,3.7556,-2.306,-0.0323,0.0513,0.0771,0.0434,6.8473,0.2,0.15,0.95,0.335
2012-01-01,3.732,2.7116,2.6455,-0.0013,6.75,0.0,102.4,2.4,-1.2753,13.6911,2.236,-3.0961,-3.176,3.2762,-3.0961,-0.0484,0.0293,-0.0165,0.0773,6.8473,0.2,0.15,0.95,0.335
2012-02-01,3.0124,2.712,2.6455,-0.0376,6.75,0.0,103.1,3.1,-1.4753,14.0208,2.2368,-3.8152,-3.8427,3.1762,-3.8152,-0.0721,0.0525,-0.08,0.0879,6.8473,0.2,0.15,0.95,0.335
2012-03-01,1.8949,2.6643,2.6,0.0,6.5,-0.25,100.3,0.3,-1.8988,9.0044,2.1252,-4.8653,-4.8962,3.0556,-4.8653,-0.1065,0.0194,-0.1437,0.0876,6.8473,0.2,0.15,0.95,0.335
2012-04-01,0.5873,2.56,2.5,0.0401,6.5,0.0,101.3,1.3,-2.121,-3.1626,1.881,-6.1732,-6.1616,2.6143,-6.1616,-0.0985,0.0117,-0.1885,0.0901,6.8473,0.2,0.15,0.95,0.335
2012-05-01,-0.5104,2.4103,2.3364,0.0325,6.5,0.0,103.0,3.0,-2.1053,-4.1275,1.5304,-7.307,-7.2138,2.2381,-7.2138,-0.0685,0.0178,-0.2472,0.1033,6.8473,0.2,0.15,0.95,0.335
2012-06-01,-1.2041,2.3418,2.2727,0.0,6.5,0.0,100.1,0.1,-1.278,-17.9219,1.37,-8.068,-7.8641,2.1206,-7.8641,0.0054,0.0113,-0.3036,0.1163,6.8473,0.2,0.15,0.95,0.335
2012-07-01,-0.103,2.3755,2.3091,0.0063,6.75,0.25,101.6,1.6,-2.2211,-13.0928,1.449,-6.956,-6.7328,2.1475,-6.7328,0.0029,0.0029,-0.3558,0.1383,6.8473,0.2,0.15,0.95,0.335
2012-08-01,-0.0027,2.6472,2.5818,0.0,6.75,0.0,98.0,-2.0,-1.4753,2.806,2.085,-6.8592,-6.5788,2.3332,-6.5788,-0.0091,0.0183,-0.4085,0.1373,6.8473,0.2,0.15,0.95,0.335
2012-09-01,-0.0027,2.6516,2.5727,0.0,6.75,0.0,96.1,-3.9,-2.4587,0.0265,2.0953,-6.8104,-6.5211,2.622,-6.5211,-0.0361,-0.0034,-0.4526,0.1237,6.8473,0.2,0.15,0.95,0.335
2012-10-01,-0.0027,2.5915,2.5364,0.0,6.75,0.0,97.5,-2.5,-3.011,1.9533,1.9548,-6.8358,-6.5142,2.3014,-6.5142,-0.0365,0.0223,-0.455,0.1192,6.8473,0.2,0.15,0.95,0.335
2012-11-01,-0.2025,2.2673,2.2182,0.0,6.75,0.0,97.9,-2.1,-3.8798,-1.5554,1.1958,-7.062,-6.717,2.0982,-6.717,-0.0178,0.0301,-0.4473,0.1145,6.8473,0.2,0.15,0.95,0.335
2012-12-01,-0.2025,2.3295,2.2818,0.0,6.75,0.0,94.4,-5.6,-2.8019,1.4938,1.3413,-7.061,-6.7039,2.2189,-6.7039,-0.0032,0.0144,-0.4618,0.1159,6.8473,0.2,0.15,0.95,0.335
2013-01-01,-0.2025,1.9017,1.8636,0.0,6.75,0.0,96.8,-3.2,-2.6004,2.0336,0.3398,-7.0805,-6.6743,1.5283,-6.6743,-0.0029,0.0336,-0.4933,0.1178,6.8473,0.2,0.15,0.95,0.335
2013-02-01,-0.5013,1.7617,1.7364,0.0,6.75,0.0,94.4,-5.6,-3.1269,-2.7842,0.0119,-7.3486,-6.9301,1.2489,-6.9301,0.0,0.0,-0.541,0.1225,6.8473,0.2,0.15,0.95,0.335
2013-03-01,-0.7989,1.6767,1.6364,0.0,6.75,0.0,95.4,-4.6,-1.6103,-14.5361,-0.187,-7.6462,-7.1842,1.1458,-7.1842,0.0,0.0,-0.5859,0.1239,6.8473,0.2,0.15,0.95,0.335
2013-04-01,-0.7989,1.2486,1.2182,0.0,6.75,0.0,98.3,-1.7,-0.8611,-15.5258,-1.1892,-7.6462,-7.1144,0.5902,-7.1144,0.0,0.0,-0.6598,0.1281,6.8473,0.2,0.15,0.95,0.335
2013-05-01,-0.4009,1.4522,1.4182,0.0,7.0,0.25,91.4,-8.6,-1.6086,-7.3127,-0.7125,-7.2811,-6.6497,0.7489,-6.6497,0.0,0.033,-0.7323,0.1338,6.8473,0.2,0.15,0.95,0.335
2013-06-01,-0.1012,1.6106,1.5818,0.0,6.5,-0.5,94.6,-5.4,-0.5373,7.8432,-0.3417,-6.9153,-6.2582,1.087,-6.2582,0.0,-0.0332,-0.8042,0.114,6.8473,0.2,0.15,0.95,0.335
2013-07-01,-0.0011,1.5633,1.5182,0.0,6.5,0.0,95.9,-4.1,-1.8349,5.0493,-0.4524,-6.8131,-6.0721,1.0982,-6.0721,0.0,-0.0353,-0.8591,0.0828,6.8473,0.2,0.15,0.95,0.335
2013-08-01,-0.4023,1.1879,1.1364,0.0,6.0,-0.5,95.3,-4.7,-2.0376,-1.848,-1.3313,-7.1456,-6.4533,0.457,-6.4533,0.0,-0.104,-0.8583,0.0621,6.8473,0.2,0.15,0.95,0.335
2013-09-01,-0.5018,0.9804,0.9273,0.0,6.0,0.0,95.1,-4.9,0.2162,-1.1291,-1.8172,-7.2691,-6.5495,-0.0906,-6.5495,0.0,-0.08,-0.8471,0.0475,6.8473,0.2,0.15,0.95,0.335
2013-10-01,-0.1038,0.5986,0.5273,0.0,6.0,0.0,95.8,-4.2,0.5444,-2.3864,-2.7111,-6.845,-6.1348,0.2475,-6.1348,0.0,-0.1061,-0.8777,0.0615,6.8473,0.2,0.15,0.95,0.335
2013-11-01,0.1962,0.6589,0.5636,0.0,6.25,0.25,96.0,-4.0,2.3888,-1.1682,-2.5699,-6.6443,-5.7882,0.0301,-5.7882,0.0,-0.0068,-0.934,0.0712,6.8473,0.2,0.15,0.95,0.335
2013-12-01,0.4962,0.8041,0.7364,0.0,6.25,0.0,100.0,0.0,1.7335,1.1466,-2.2299,-6.2565,-5.432,-0.0493,-5.432,0.0,-0.0946,-0.9914,0.0723,6.8473,0.2,0.15,0.95,0.335
2014-01-01,0.4962,0.7112,0.6455,0.0,6.25,0.0,95.8,-4.2,1.7411,-4.3813,-2.4475,-6.3525,-5.3772,0.6444,-5.3772,0.0,0.0014,-1.0344,0.0605,6.8473,0.2,0.15,0.95,0.335
2014-02-01,1.2003,0.6165,0.5455,22.2648,6.25,0.0,97.0,-3.0,2.2741,-6.3591,-2.3087,-4.738,-4.3131,0.665,-4.3131,-0.5036,-0.0449,-0.9699,-0.0035,6.4869,1.0,0.85,0.9,0.935
2014-03-01,3.4268,0.3915,0.3273,9.2545,6.25,0.0,94.2,-5.8,0.5397,-0.9197,-2.8355,-4.0767,-3.5735,0.5063,-3.5735,0.9866,0.0301,0.9957,-0.4824,6.4869,1.0,0.85,0.9,0.935
2014-04-01,6.8398,0.5725,0.5091,3.9993,9.25,3.0,94.8,-5.2,1.9273,5.2459,-2.4118,-7.454,-4.5395,0.965,-4.5395,6.4479,1.359,5.5854,-0.6929,6.4869,1.0,0.85,0.9,0.935
2014-05-01,10.789,0.3781,0.3091,3.2226,9.25,0.0,98.6,-1.4,1.1822,6.5847,-2.8669,-9.9016,-4.4516,0.9031,-4.4516,10.2569,3.9468,9.3329,-0.5792,6.4869,1.0,0.85,0.9,0.935
2014-06-01,11.8969,0.4402,0.3909,0.4098,9.35,0.1,95.6,-4.4,0.3228,8.2722,-2.7216,-14.2902,-5.6241,0.8206,-5.6241,15.4924,4.2078,11.8546,-0.8205,6.4869,1.0,0.85,0.9,0.935
2014-07-01,12.4569,0.331,0.3,2.2902,12.35,3.0,88.6,-11.4,2.2618,-1.0852,-2.9772,-19.3736,-6.8705,0.7857,-6.8705,20.1819,5.1617,13.1302,-0.2896,6.4869,1.0,0.85,0.9,0.935
2014-08-01,14.1556,0.4245,0.4091,11.7516,12.35,0.0,80.0,-20.0,-0.2169,-9.093,-2.7583,-21.6647,-5.9513,0.9031,-5.9513,21.9076,7.4259,13.5047,0.1153,6.4869,1.0,0.85,0.9,0.935
2014-09-01,17.4662,0.3664,0.3273,-4.9462,12.45,0.1,84.5,-15.5,0.6459,-13.9237,-2.8942,-8.1049,-2.76,1.3238,-2.76,11.0344,8.0497,13.8552,-0.1159,6.4869,1.0,0.85,0.9,0.935
2014-10-01,19.8061,0.343,0.2909,0.0116,12.45,0.0,84.4,-15.6,1.0799,-22.1266,-2.9491,-3.0451,-0.3586,0.9269,-0.3586,8.231,8.1334,13.9251,-0.2473,6.4869,1.0,0.85,0.9,0.935
2014-11-01,21.8388,0.2933,0.2545,14.4851,13.95,1.5,84.4,-15.6,-0.4301,-30.5228,-3.0655,5.3886,3.1111,1.0238,3.1111,5.6543,4.309,12.4918,-0.2509,6.4869,1.0,0.85,0.9,0.935
2014-12-01,24.8696,-0.2297,-0.2818,5.2018,13.95,0.0,82.9,-17.1,0.9621,-57.4813,-4.2899,6.0008,6.7602,0.4444,6.0008,6.4433,5.9386,11.9962,-0.3737,6.4869,1.0,0.85,0.9,0.935
2015-01-01,28.4836,-0.6455,-0.6727,2.4386,13.95,0.0,80.0,-20.0,0.7523,-81.7043,-5.2633,5.4809,9.8081,-0.135,5.4809,10.1179,6.3978,12.8366,-0.648,6.4869,1.0,0.85,0.9,0.935
2015-02-01,34.4863,-0.394,-0.4091,54.1305,19.45,5.5,78.6,-21.4,2.4327,-62.8347,-4.6744,14.2492,15.1357,0.0825,14.2492,9.3178,4.4324,13.0168,-0.1531,6.4869,1.0,0.85,0.9,0.935
2015-03-01,45.8031,-0.1259,-0.1545,-16.9153,29.95,10.5,79.9,-20.1,3.1782,-65.401,-4.0467,15.6163,21.3447,0.5619,15.6163,9.9925,13.7075,16.9887,0.9829,6.4869,1.0,0.85,0.9,0.935
2015-04-01,60.9057,0.0213,-0.0091,-10.7806,29.95,0.0,79.1,-20.9,0.9499,-59.3478,-3.7021,5.0839,29.3574,0.6,5.0839,26.147,23.188,23.3235,1.738,6.4869,1.0,0.85,0.9,0.935
2015-05-01,58.4254,0.4039,0.3818,0.0066,29.95,0.0,80.0,-20.0,2.4276,-53.6227,-2.8064,2.2052,28.2577,1.2206,2.2052,26.3021,23.4313,21.9009,1.7799,6.4869,1.0,0.85,0.9,0.935
2015-06-01,57.4843,0.391,0.3818,-0.1563,29.95,0.0,82.6,-17.4,3.2755,-59.7994,-2.8367,9.0927,30.4309,0.3699,9.0927,22.8158,19.0889,18.9305,1.6361,6.4869,1.0,0.85,0.9,0.935
2015-07-01,55.2883,0.3894,0.3818,2.7985,29.95,0.0,87.3,-12.7,2.9383,-63.5335,-2.8403,8.3974,31.1983,-0.4475,8.3974,21.777,18.627,16.1799,1.4233,6.4869,1.0,0.85,0.9,0.935
2015-08-01,52.8234,0.3052,0.3182,-1.9924,26.95,-3.0,95.2,-4.8,3.5204,-78.1348,0.2059,13.1842,35.2561,-0.192,13.1842,16.9489,19.4468,13.4349,0.889,3.2434,0.7,0.8,0.45,0.68
2015-09-01,51.9323,0.0874,0.1,1.6019,21.95,-5.0,95.6,-4.4,2.8558,-71.2333,-0.3041,55.6567,37.9146,-0.6269,37.9146,-15.8915,8.9237,10.9681,-0.1939,3.2434,0.7,0.8,0.45,0.68
2015-10-01,46.4426,0.2856,0.3,6.1978,21.95,0.0,95.3,-4.7,3.1715,-59.0664,0.16,59.0592,35.4089,-0.3682,35.4089,-5.8656,-9.9944,8.6807,-0.8905,3.2434,0.7,0.8,0.45,0.68
2015-11-01,46.5863,0.1967,0.2273,4.1925,21.95,0.0,95.7,-4.3,2.9726,-58.4722,-0.0482,52.1613,36.9267,-0.1857,36.9267,1.1098,-9.9283,7.3189,-0.9027,3.2434,0.7,0.8,0.45,0.68
2015-12-01,43.313,0.3529,0.3909,0.4845,21.95,0.0,98.5,-1.5,1.6878,-49.4793,0.3175,46.9235,34.2766,0.1731,34.2766,2.0422,-8.8961,6.6096,-0.8166,3.2434,0.7,0.8,0.45,0.68
2016-01-01,40.2549,0.4144,0.4273,4.6847,21.95,0.0,99.0,-1.0,4.1935,-44.1932,0.4617,43.1705,31.6811,-0.5475,31.6811,2.5712,-8.7302,5.8419,-0.5115,3.2434,0.7,0.8,0.45,0.68
2016-02-01,32.6628,0.0516,0.0909,7.2921,21.95,0.0,108.6,8.6,0.313,-59.0696,-0.3879,37.9416,24.38,-0.9094,24.38,1.1863,-9.7085,5.2895,-0.2501,3.2434,0.7,0.8,0.45,0.68
2016-03-01,20.929,0.0537,0.0727,-3.1401,22.0,0.05,105.8,5.8,-0.418,-38.0195,-0.3829,21.6081,12.8003,-0.9713,12.8003,2.6102,-6.5327,4.9326,-0.0472,3.2434,0.7,0.8,0.45,0.68
2016-04-01,9.7908,-0.0119,0.0091,-4.0139,19.0,-3.0,104.5,4.5,1.8731,-35.8685,-0.5365,4.3549,1.5152,-1.092,1.5152,3.4083,-1.2158,4.9036,0.1287,3.2434,0.7,0.8,0.45,0.68
2016-05-01,7.5349,0.0666,0.0818,-0.0815,18.0,-1.0,101.0,1.0,-0.5227,-31.5403,-0.3528,6.0978,-0.0283,-1.2538,-0.0283,2.2161,-4.0225,4.0096,0.3101,3.2434,0.7,0.8,0.45,0.68
2016-06-01,6.8922,0.2363,0.2545,-1.2459,16.5,-1.5,97.1,-2.9,0.1039,-24.2336,0.0446,8.0515,0.2385,-0.6206,0.2385,1.2904,-5.6931,3.0283,0.3819,3.2434,0.7,0.8,0.45,0.68
2016-07-01,7.864,0.2962,0.3,-0.2264,15.5,-1.0,100.5,0.5,-0.6224,-22.9732,0.1848,10.2176,2.4731,0.0175,2.4731,1.3464,-6.9435,2.1054,0.0421,3.2434,0.7,0.8,0.45,0.68
2016-08-01,8.4076,0.3816,0.3909,3.386,15.5,0.0,104.0,4.0,0.8351,-1.4551,0.3847,12.4685,4.2457,-0.0175,4.2457,0.1105,-7.4148,1.0951,-0.1766,3.2434,0.7,0.8,0.45,0.68
2016-09-01,7.8778,0.4496,0.4364,1.0071,15.0,-0.5,102.5,2.5,0.6237,-2.2412,0.544,13.9008,4.6509,0.3762,4.6509,-1.5822,-7.6843,0.4154,-0.432,3.2434,0.7,0.8,0.45,0.68
2016-10-01,12.359,0.6437,0.6455,-1.6182,14.0,-1.0,101.6,1.6,1.1381,2.2305,0.9984,18.6529,9.2212,0.8937,9.2212,-0.687,-8.8504,0.5438,-0.6494,3.2434,0.7,0.8,0.45,0.68
2016-11-01,12.1387,0.6019,0.5818,0.4048,14.0,0.0,104.1,4.1,2.0705,1.0482,0.9004,14.6419,9.2294,0.9112,9.2294,0.2191,-5.9657,0.4465,-0.7806,3.2434,0.7,0.8,0.45,0.68
2016-12-01,12.3614,1.0177,0.9909,6.0313,14.0,0.0,105.0,5.0,1.6598,33.8366,1.874,14.0649,10.1284,1.6462,10.1284,0.0454,-4.9923,-0.1398,-0.8707,3.2434,0.7,0.8,0.45,0.68
2017-01-01,12.5842,1.639,1.6273,-0.2645,14.0,0.0,106.4,6.4,-0.3085,57.536,3.3287,11.7625,10.3361,2.3636,10.3361,0.5629,-2.9847,-0.0032,-0.9922,3.2434,0.7,0.8,0.45,0.68
2017-02-01,14.1667,1.8553,1.8364,-0.2413,14.0,0.0,96.4,-3.6,1.8576,53.3566,3.8349,11.3199,11.3297,2.643,11.3199,1.2338,-1.6305,0.6711,-1.0775,3.2434,0.7,0.8,0.45,0.68
2017-03-01,15.071,1.4839,1.4727,-0.2873,14.0,0.0,98.2,-1.8,2.1751,30.0202,2.9655,12.9585,13.0285,2.7018,12.9585,0.6796,-1.8106,-0.1438,-1.0572,3.2434,0.7,0.8,0.45,0.68
2017-04-01,12.1803,1.8386,1.8273,-1.5865,13.0,-1.0,94.9,-5.1,1.433,22.9448,3.7958,10.0772,9.5322,2.743,9.5322,0.5961,-1.7364,0.6086,-1.2039,3.2434,0.7,0.8,0.45,0.68
2017-05-01,13.5251,1.3338,1.3273,-0.7511,12.5,-0.5,102.1,2.1,3.5019,7.3881,2.614,10.5931,11.0784,2.2462,10.5931,1.122,-1.4334,0.4281,-1.2249,3.2434,0.7,0.8,0.45,0.68
2017-06-01,15.5727,1.1142,1.0909,-0.9677,12.5,0.0,104.8,4.8,2.5629,-3.9726,2.1,13.2695,13.7203,2.6049,13.2695,0.9672,-1.9075,-0.3536,-1.0375,3.2434,0.7,0.8,0.45,0.68
2017-07-01,15.9197,1.1839,1.1818,-0.7052,12.5,0.0,98.4,-1.6,3.878,7.5529,2.2632,14.8573,14.6585,2.2493,14.6585,-0.385,-1.7961,-0.9879,-0.9943,3.2434,0.7,0.8,0.45,0.68
2017-08-01,16.1523,1.3765,1.3636,-1.3052,12.5,0.0,102.1,2.1,4.5716,12.0318,2.7139,15.0163,15.64,2.6636,15.0163,-0.4809,-1.6266,-1.8715,-0.8597,3.2434,0.7,0.8,0.45,0.68
2017-09-01,16.3805,1.4336,1.4182,3.6148,12.5,0.0,100.5,0.5,3.8623,18.717,2.8478,15.5334,16.4386,2.6493,15.5334,-0.7147,-1.6817,-2.5866,-0.7149,3.2434,0.7,0.8,0.45,0.68
2017-10-01,14.5691,1.3264,1.3091,1.1558,13.5,1.0,101.4,1.4,3.1395,14.9495,2.5967,13.6175,14.738,2.5556,13.6175,-0.829,-1.4628,-2.9157,-0.4966,3.2434,0.7,0.8,0.45,0.68
2017-11-01,13.5562,1.4729,1.4636,0.6855,13.5,0.0,101.1,1.1,5.3851,33.785,2.9398,10.0262,13.3974,2.6794,10.0262,-0.2787,0.5652,-2.7604,-0.3243,3.2434,0.7,0.8,0.45,0.68
2017-12-01,13.6687,1.2871,1.2818,3.825,14.5,1.0,100.0,0.0,5.7958,18.8609,2.5047,8.7484,13.069,2.2825,8.7484,-0.0459,1.7228,-2.5437,-0.1,3.2434,0.7,0.8,0.45,0.68
2018-01-01,14.1185,1.1743,1.1364,-0.2084,16.0,1.5,104.3,4.3,3.8389,23.5619,2.2407,7.5296,12.6645,2.2888,7.5296,0.3389,3.0065,-2.0951,0.3056,3.2434,0.7,0.8,0.45,0.68
2018-02-01,14.0055,1.0405,1.0273,-3.8602,16.0,0.0,102.8,2.8,2.2246,17.4302,1.9275,5.4966,11.8943,2.2126,5.4966,1.0845,4.181,-1.6126,0.4804,3.2434,0.7,0.8,0.45,0.68
2018-03-01,13.2216,1.1907,1.1364,-1.5131,17.0,1.0,101.7,1.7,2.928,24.6596,2.279,3.7823,11.1016,2.6507,3.7823,1.5217,4.6741,-1.8644,0.7409,3.2434,0.7,0.8,0.45,0.68
2018-04-01,13.1093,1.044,0.9909,-1.1879,17.0,0.0,103.6,3.6,1.8127,32.099,1.9356,4.0011,11.2309,2.5538,4.0011,0.5593,5.3055,-2.3349,0.97,3.2434,0.7,0.8,0.45,0.68
2018-05-01,11.6578,1.7029,1.6455,-0.3599,17.0,0.0,103.1,3.1,2.5975,42.4952,3.4783,4.1667,10.3226,2.8538,4.1667,0.2159,4.0318,-2.8184,0.9102,3.2434,0.7,0.8,0.45,0.68
2018-06-01,9.8994,1.8394,1.7818,0.2039,17.0,0.0,102.9,2.9,2.4989,47.2906,3.7978,2.5876,9.098,3.1126,3.1126,-0.1228,4.1911,-3.2392,0.7972,3.2434,0.7,0.8,0.45,0.68
2018-07-01,8.9123,2.0089,1.9364,2.1383,17.5,0.5,103.7,3.7,0.0,42.6371,4.1945,3.6332,8.1807,3.0301,3.6332,-1.1963,3.2319,-3.2876,0.7758,3.2434,0.7,0.8,0.45,0.68
2018-08-01,9.0213,1.8683,1.8,5.5406,17.5,0.0,100.8,0.8,0.4953,33.8434,3.8655,5.38,8.0859,3.192,5.38,-1.3676,1.7655,-3.0547,0.7467,3.2434,0.7,0.8,0.45,0.68
2018-09-01,8.9144,1.9231,1.8636,0.0665,18.0,0.5,99.3,-0.7,0.0997,33.999,3.9936,3.8635,7.4725,3.5888,3.8635,-0.3647,2.1722,-2.4415,0.6399,3.2434,0.7,0.8,0.45,0.68
2018-10-01,9.4525,2.0493,2.0,-0.474,18.0,0.0,102.0,2.0,0.398,34.2927,4.2891,4.5274,7.2907,3.4063,4.5274,0.4976,1.184,-1.6547,0.5732,3.2434,0.7,0.8,0.45,0.68
2018-11-01,9.9949,1.7677,1.7182,0.801,18.0,0.0,99.6,-0.4,-3.6583,3.1919,3.6298,4.6367,7.4974,2.9619,4.6367,0.9398,1.175,-1.273,0.5271,3.2434,0.7,0.8,0.45,0.68
2018-12-01,9.7771,1.4036,1.3636,-2.5061,18.0,0.0,97.2,-2.8,-3.4571,-11.5317,2.7774,4.1335,7.1005,2.6031,4.1335,1.2488,1.1514,-1.125,0.5582,3.2434,0.7,0.8,0.45,0.68
2019-01-01,9.2363,1.2546,1.2364,0.2426,18.0,0.0,99.0,-1.0,-0.3972,-15.0771,2.4285,3.3343,6.8024,2.9619,3.3343,1.4767,1.1818,-1.4604,0.6509,3.2434,0.7,0.8,0.45,0.68
2019-02-01,8.8033,1.3957,1.3818,-2.7866,18.0,0.0,98.3,-1.7,-0.1001,-2.0994,2.7589,3.9993,7.0151,3.0475,3.9993,0.9829,0.5776,-2.1983,0.743,3.2434,0.7,0.8,0.45,0.68
2019-03-01,8.588,1.425,1.4455,0.9439,18.0,0.0,102.4,2.4,-0.3988,0.1845,2.8275,4.9489,7.4641,3.0094,4.9489,-0.2597,0.6554,-2.8885,0.7691,3.2434,0.7,0.8,0.45,0.68
2019-04-01,8.8035,1.6449,1.6545,-2.3371,17.5,-0.5,104.3,4.3,-0.2999,-1.2176,3.3423,6.255,8.272,3.5269,6.255,-0.4821,-0.2128,-3.4017,0.6898,3.2434,0.7,0.8,0.45,0.68
2019-05-01,9.5651,1.1846,1.1909,0.9469,17.5,0.0,103.3,3.3,-0.9911,-7.6339,2.2647,7.4723,9.2585,3.6857,7.4723,-0.5403,-0.6103,-3.5502,0.6134,3.2434,0.7,0.8,0.45,0.68
2019-06-01,9.0173,1.1895,1.1818,-2.6631,17.5,0.0,100.6,0.6,-2.0948,-14.7197,2.2762,7.3222,8.9017,3.265,7.3222,-0.8998,-0.6486,-3.7797,0.6518,3.2434,0.7,0.8,0.45,0.68
2019-07-01,9.1271,0.8811,0.8818,-4.2185,17.0,-0.5,101.7,1.7,-0.905,-14.9874,1.5543,7.1107,9.2008,3.2269,7.1107,-0.4405,-0.7865,-3.9685,0.6513,3.2434,0.7,0.8,0.45,0.68
2019-08-01,8.7997,0.958,0.9545,0.5834,17.0,0.0,101.2,1.2,-1.7947,-20.573,1.7342,7.5446,9.5034,3.3063,7.5446,-0.8516,-1.1367,-4.73,0.7828,3.2434,0.7,0.8,0.45,0.68
2019-09-01,7.5184,0.7571,0.7636,-4.6627,16.5,-0.5,100.4,0.4,-1.1017,-22.7688,1.2639,6.4331,8.9701,2.5475,6.4331,-0.7191,-1.439,-5.5009,0.8059,3.2434,0.7,0.8,0.45,0.68
2019-10-01,6.4612,0.6581,0.6636,3.7194,15.5,-1.0,97.1,-2.9,-0.6976,-30.5296,1.032,6.6922,8.7485,2.4063,6.6922,-1.2094,-2.265,-6.2481,0.7174,3.2434,0.7,0.8,0.45,0.68
2019-11-01,5.0963,0.8643,0.8727,-3.9158,15.5,0.0,94.1,-5.9,-0.7074,-2.4013,1.515,5.4323,8.0879,2.3713,5.4323,-1.1838,-2.3956,-6.8474,0.6124,3.2434,0.7,0.8,0.45,0.68
2019-12-01,4.0537,1.2337,1.2364,-1.4642,13.5,-2.0,93.3,-6.7,-2.8544,15.854,2.3797,5.5383,7.558,2.492,5.5383,-1.4283,-3.2997,-7.0169,0.2692,3.2434,0.7,0.8,0.45,0.68
2020-01-01,3.2295,1.3195,1.3,5.0762,11.0,-2.5,95.1,-4.9,-1.1006,6.8873,2.5805,7.2314,7.8835,2.5507,7.2314,-1.4108,-5.8345,-7.5198,-0.3776,3.2434,0.7,0.8,0.45,0.68
2020-02-01,2.4078,1.1118,1.0727,-1.4495,11.0,0.0,99.0,-1.0,-1.2085,-13.9058,2.0944,7.2404,7.1747,2.4238,7.1747,-0.7997,-7.2763,-7.1796,-0.8307,3.2434,0.7,0.8,0.45,0.68
2020-03-01,2.3063,0.6578,0.6455,13.3239,10.0,-1.0,93.3,-6.7,-13.5674,-72.5661,1.0315,7.6389,6.3598,1.6682,6.3598,-0.8019,-7.7741,-6.3227,-0.9742,3.2434,0.7,0.8,0.45,0.68
2020-04-01,2.1037,0.1445,0.1364,-3.9621,8.0,-2.0,84.9,-15.1,-33.8677,-135.4779,-0.1703,6.8532,5.5537,0.3951,5.5537,0.3642,-8.3571,-5.354,-1.3394,3.2434,0.7,0.8,0.45,0.68
2020-05-01,1.6982,-0.0849,-0.0909,-0.2431,8.0,0.0,87.5,-12.5,-21.2247,-88.6867,-0.7074,6.4224,4.2071,-0.343,4.2071,0.7134,-8.6811,-4.3319,-1.4205,3.2434,0.7,0.8,0.45,0.68
2020-06-01,2.4136,0.1179,0.1,-0.7974,6.0,-2.0,95.3,-4.7,-11.1878,-46.6795,-0.2325,7.5486,5.2915,-0.4192,5.2915,1.7243,-10.1027,-4.698,-1.4233,3.2434,0.7,0.8,0.45,0.68
2020-07-01,2.4136,0.4155,0.3636,3.6747,6.0,0.0,97.1,-2.9,-6.3596,-39.0802,0.4642,6.1552,5.6757,0.5951,5.6757,2.081,-9.066,-4.9138,-1.5917,3.2434,0.7,0.8,0.45,0.68
2020-08-01,2.5163,-0.2626,-0.3182,-0.7809,6.0,0.0,95.9,-4.1,-6.0122,-27.7467,-1.1234,3.6113,5.165,0.1189,3.6113,1.517,-5.8554,-4.4895,-1.4026,3.2434,0.7,0.8,0.45,0.68
2020-09-01,2.3127,-0.2774,-0.3,2.9514,6.0,0.0,96.6,-3.4,-5.3788,-42.9016,-1.158,2.9089,3.9853,0.1157,2.9089,2.0766,-5.9162,-3.6826,-1.2334,3.2434,0.7,0.8,0.45,0.68
2020-10-01,2.6175,-0.2597,-0.2818,0.4914,6.0,0.0,95.8,-4.2,-3.2523,-39.5944,-1.1167,4.6907,3.5236,-0.1843,3.5236,-0.5892,-4.7274,-3.1532,-0.9963,3.2434,0.7,0.8,0.45,0.68
2020-11-01,3.8477,-0.2356,-0.2636,0.1047,6.0,0.0,100.5,0.5,0.9086,-39.2472,-1.0601,2.4142,4.1504,-0.2049,2.4142,0.5006,-2.3105,-2.6574,-0.8887,3.2434,0.7,0.8,0.45,0.68
2020-12-01,4.9923,-0.2329,-0.2545,-0.682,6.0,0.0,105.3,5.3,2.0472,-29.6033,-1.0538,3.5428,4.9366,-0.0255,3.5428,0.8276,-2.6216,-2.4043,-0.7834,3.2434,0.7,0.8,0.45,0.68
2021-01-01,6.1449,0.5723,0.5,-0.2894,6.0,0.0,96.5,-3.5,0.8016,-15.0112,0.8313,1.8094,5.793,0.0157,1.8094,1.0921,0.0,-2.1044,-0.7871,3.2434,0.7,0.8,0.45,0.68
2021-02-01,7.529,0.5928,0.5273,-0.9365,6.0,0.0,95.8,-4.2,0.1013,11.2376,0.8792,3.8542,7.0824,0.357,3.8542,0.4314,0.0,-2.0084,-0.7885,3.2434,0.7,0.8,0.45,0.68
2021-03-01,8.4891,1.0254,0.9364,-0.1609,6.5,0.5,102.6,2.6,13.4675,71.4584,1.892,4.4404,7.9179,0.7538,4.4404,0.5924,0.2128,-1.9187,-0.7535,3.2434,0.7,0.8,0.45,0.68
2021-04-01,8.3814,1.3963,1.3182,-0.486,7.5,1.0,113.7,13.7,34.7646,126.0224,2.7604,4.1921,7.6257,1.9063,4.1921,-0.09,1.0359,-1.8067,-0.681,3.2434,0.7,0.8,0.45,0.68
2021-05-01,9.462,1.789,1.7091,-0.9035,7.5,0.0,106.7,6.7,20.525,84.7055,3.6796,4.6059,8.0875,2.7238,4.6059,-0.2565,1.8692,-1.2841,-0.5849,3.2434,0.7,0.8,0.45,0.68
2021-06-01,9.462,1.7154,1.6727,-1.1855,7.5,0.0,102.4,2.4,11.891,59.7177,3.5073,4.7103,7.4653,2.865,4.7103,-0.3627,1.8709,-0.6824,-0.5643,3.2434,0.7,0.8,0.45,0.68
2021-07-01,10.2329,1.847,1.8091,-1.0714,8.0,0.5,101.5,1.5,8.6563,55.2882,3.8156,5.4747,7.9347,3.0063,5.4747,-0.372,1.8867,-0.4852,-0.4601,3.2434,0.7,0.8,0.45,0.68
2021-08-01,10.2329,2.7048,2.6818,-0.099,8.0,0.0,101.9,1.9,5.6089,45.8334,5.8237,5.2503,8.3446,3.6825,5.2503,-0.5017,2.2408,-0.9257,-0.4294,3.2434,0.7,0.8,0.45,0.68
2021-09-01,11.0007,3.0146,2.9909,-1.0633,8.5,0.5,100.2,0.2,5.0762,59.9283,6.549,5.5569,9.8337,4.8031,5.5569,-0.4717,2.672,-1.585,-0.4915,3.2434,0.7,0.8,0.45,0.68
2021-10-01,10.8907,3.8061,3.8,-0.9433,8.5,0.0,102.4,2.4,2.5499,73.1696,8.4021,5.7064,10.1344,6.1031,6.1031,-0.5539,2.4948,-1.9561,-0.531,3.2434,0.7,0.8,0.45,0.68
2021-11-01,10.3434,4.6481,4.6727,3.1681,8.5,0.0,101.2,1.2,0.5013,64.1046,10.3734,6.6524,10.1075,7.2556,7.2556,-0.7275,1.175,-2.3051,-0.7024,3.2434,0.7,0.8,0.45,0.68
2021-12-01,10.0153,4.7498,4.8,0.3831,9.0,0.5,99.7,-0.3,3.2888,39.447,10.6115,6.0853,9.625,7.6525,7.6525,-0.6776,1.3642,-2.1001,-0.7529,3.2434,0.7,0.8,0.45,0.68
2022-01-01,10.0153,5.2231,5.3,5.3728,10.0,1.0,103.3,3.3,0.9931,45.6989,11.7194,4.8802,8.9711,7.4381,7.4381,-0.326,2.2178,-1.5707,-0.6285,3.2434,0.7,0.8,0.45,0.68
2022-02-01,10.6689,6.0049,6.0545,1.6231,10.0,0.0,90.7,-9.3,2.9912,44.4456,14.2707,5.6649,9.7042,8.6143,8.6143,0.0346,2.4468,-1.0779,-0.4801,2.5227,0.15,0.1,0.35,0.175
2022-03-01,13.7158,7.4803,7.5545,0.0,10.0,0.0,46.5,-53.5,-0.1001,58.3592,17.7248,8.2317,11.8589,11.108,11.108,0.4351,2.5263,-0.2279,-0.4378,2.5227,0.15,0.1,0.35,0.175
2022-04-01,16.426,7.6503,7.7273,0.0,10.0,0.0,53.5,-46.5,-0.597,47.8501,18.1229,11.5111,14.3129,12.8112,12.8112,0.7183,1.6739,0.0007,-0.4103,2.5227,0.15,0.1,0.35,0.175
2022-05-01,18.0351,8.319,8.3727,0.0,10.0,0.0,59.3,-40.7,2.7697,50.3038,19.6884,12.8587,15.5974,15.8923,15.5974,1.0232,1.6305,0.3199,-0.405,2.5227,0.15,0.1,0.35,0.175
2022-06-01,21.4513,9.1004,9.1455,0.0,25.0,15.0,59.6,-40.4,2.1783,51.7127,21.5177,15.228,18.7584,17.921,17.921,0.2509,3.4497,0.3535,-0.1833,2.5227,0.15,0.1,0.35,0.175
2022-07-01,22.1792,9.4172,9.4636,22.3143,24.5,-0.5,58.0,-42.0,-0.8924,39.8138,22.2594,17.9397,19.2932,19.5878,19.2932,-0.2457,1.9625,0.2753,0.088,2.5227,0.15,0.1,0.35,0.175
2022-08-01,23.7708,9.5568,9.6273,0.0,24.5,0.0,60.8,-39.2,3.3767,35.0512,22.5863,23.9519,20.9592,19.7291,20.9592,-3.1333,0.4295,0.2818,0.0071,2.5227,0.15,0.1,0.35,0.175
2022-09-01,24.6269,10.3008,10.4182,0.0,23.75,-0.75,60.6,-39.4,4.5417,18.6546,24.3281,27.4571,21.3891,20.2259,21.3891,-5.3724,0.0194,0.7558,-0.0408,2.5227,0.15,0.1,0.35,0.175
2022-10-01,26.6031,10.7096,10.7273,0.0,23.75,0.0,59.0,-41.0,3.2692,11.0859,25.2852,29.6373,23.2194,20.0084,23.2194,-6.2459,0.6891,1.0381,-0.177,2.5227,0.15,0.1,0.35,0.175
2022-11-01,26.4775,9.907,9.8,0.0,23.0,-0.75,58.9,-41.1,2.8587,12.0348,23.4062,35.7701,23.0398,20.2353,23.0398,-11.2831,-0.5322,1.1355,-0.2205,2.5227,0.15,0.1,0.35,0.175
2022-12-01,26.6032,9.2153,9.1091,0.0,22.5,-0.5,56.1,-43.9,-1.1834,8.7144,21.7868,36.3549,23.2541,19.3385,23.2541,-12.8503,0.576,1.0539,-0.2275,2.5227,0.15,0.1,0.35,0.175
2023-01-01,25.9784,8.4846,8.3182,0.0,22.5,0.0,61.0,-39.0,1.0811,-4.7389,20.0759,35.3148,22.7613,19.7497,22.7613,-11.7545,-0.1046,0.8908,-0.1964,2.5227,0.15,0.1,0.35,0.175
2023-02-01,24.8624,8.2685,8.0818,0.0,22.0,-0.5,72.4,-27.6,1.5595,-16.2212,19.5702,22.3951,21.8579,18.7179,21.8579,0.0,-0.0554,0.6578,-0.176,2.5227,0.15,0.1,0.35,0.175
2023-03-01,21.2778,6.707,6.4909,0.0,21.5,-0.5,144.1,44.1,0.4993,-40.2006,15.9144,18.9066,18.534,16.1685,18.534,0.0,-0.1514,0.3807,-0.1595,2.5227,0.15,0.1,0.35,0.175
2023-04-01,17.8665,6.5449,6.3091,0.0,21.5,0.0,119.4,19.4,0.3984,-21.152,15.5349,15.3866,15.2974,14.0511,15.2974,0.0,-0.0428,0.1756,-0.1292,2.5227,0.15,0.1,0.35,0.175
2023-05-01,15.3416,5.7381,5.5727,0.0,21.25,-0.25,118.2,18.2,-1.2764,-40.6689,13.6461,12.8847,12.7978,11.743,12.7978,0.0,-0.0658,0.0935,-0.0722,2.5227,0.15,0.1,0.35,0.175
2023-06-01,12.7685,4.9467,4.7818,0.0,21.0,-0.25,114.4,14.4,-0.2943,-49.4491,11.7932,10.3351,10.1408,8.3475,10.1408,0.0,-0.0892,0.0921,0.0129,2.5227,0.15,0.1,0.35,0.175
2023-07-01,11.3127,4.754,4.6,0.0,18.0,-3.0,114.8,14.8,-1.4042,-33.4458,11.3422,9.148,8.6058,7.0745,8.6058,0.0,-0.358,0.1654,0.0188,2.5227,0.15,0.1,0.35,0.175
2023-08-01,8.5602,4.732,4.5545,0.0,17.75,-0.25,115.4,15.4,-3.9846,-15.356,11.2905,6.2241,5.8494,6.3633,6.2241,0.0,-0.1866,0.1978,-0.0097,2.5227,0.15,0.1,0.35,0.175
2023-09-01,7.0687,3.8947,3.6636,0.0,15.5,-2.25,112.4,12.4,-5.1497,4.3145,9.3302,4.9303,4.3333,4.7552,4.7552,0.0,-0.3843,0.2322,-0.0194,2.5227,0.15,0.1,0.35,0.175
2023-10-01,5.2929,2.6998,2.5455,-0.5558,11.5,-4.0,117.3,17.3,-4.6891,-2.9753,6.1724,3.7918,2.3947,3.5377,3.5377,0.0109,-1.3927,0.3003,-0.2851,2.8831,0.5,0.55,0.4,0.495
2023-11-01,5.0838,2.2532,2.1727,0.0256,11.5,0.0,117.5,17.5,-3.9648,-9.7297,5.1269,5.6059,2.2308,2.2965,2.2965,0.0206,-3.4257,0.3733,-0.4033,2.8831,0.5,0.55,0.4,0.495
2023-12-01,5.0838,2.7239,2.6364,4.3236,10.5,-1.0,123.7,23.7,-2.1053,-4.1543,6.2289,5.9208,2.2176,2.1584,2.2176,-0.0688,-3.6513,0.3568,-0.3737,2.8831,0.5,0.55,0.4,0.495
2024-01-01,4.6668,2.6903,2.6636,-0.2842,10.5,0.0,119.1,19.1,-5.0111,-2.9239,6.1503,5.9271,1.8282,2.379,2.379,-0.1459,-3.9974,0.4573,-0.5017,2.8831,0.5,0.55,0.4,0.495
2024-02-01,4.251,2.6229,2.6091,0.8756,10.5,0.0,113.4,13.4,-5.8753,1.0756,5.9923,5.0248,1.0334,1.9409,1.9409,-0.0848,-3.572,0.6947,-0.3601,2.8831,0.5,0.55,0.4,0.495
2024-03-01,3.2239,2.5583,2.5909,2.6185,10.0,-0.5,106.4,6.4,-3.6515,8.5184,5.8412,4.3998,-0.4195,2.1759,2.1759,-0.1312,-3.9277,1.0455,-0.2851,2.8831,0.5,0.55,0.4,0.495
2024-04-01,3.2239,2.4882,2.5182,1.1342,9.0,-1.0,113.4,13.4,-3.13,6.0734,5.677,5.6892,-0.7482,2.1521,2.1521,-0.5074,-4.8409,1.4003,-0.3112,2.8831,0.5,0.55,0.4,0.495
2024-05-01,3.3267,2.6715,2.6818,2.0739,9.0,0.0,105.0,5.0,-5.0669,7.9937,6.1062,2.9547,-1.0004,1.1965,1.1965,-0.5542,-1.9569,1.8056,-0.3616,2.8831,0.5,0.55,0.4,0.495
2024-06-01,4.7617,2.6114,2.6364,0.0921,8.75,-0.25,100.9,0.9,-4.2133,9.4374,5.9654,4.5392,0.072,2.2839,2.2839,-0.5091,-2.1514,2.1963,-0.3895,2.8831,0.5,0.55,0.4,0.495
2024-07-01,5.3941,2.6374,2.6636,1.2057,8.75,0.0,100.0,0.0,-2.0409,6.1073,6.0263,4.2194,0.5038,1.8315,1.8315,-0.4204,-1.2879,2.4363,-0.429,2.8831,0.5,0.55,0.4,0.495
2024-08-01,7.5319,2.237,2.2727,0.3916,8.75,0.0,97.7,-2.3,-1.1242,-6.9606,5.0889,6.4275,2.6214,1.8077,2.6214,-0.5067,-1.2719,2.3925,-0.365,2.8831,0.5,0.55,0.4,0.495
2024-09-01,8.6019,1.9182,1.9727,-0.0576,9.35,0.6,103.8,3.8,-1.7427,-23.6047,4.3427,7.3939,3.6567,2.2601,3.6567,-0.5153,-1.1597,2.2975,-0.2353,2.8831,0.5,0.55,0.4,0.495
2024-10-01,9.6793,2.1219,2.1545,0.2732,9.6,0.25,103.0,3.0,-1.0267,-18.0522,4.8194,7.584,4.8647,2.6982,4.8647,-0.3149,-0.4728,2.0398,-0.1083,2.8831,0.5,0.55,0.4,0.495
2024-11-01,11.2072,2.3638,2.4,0.764,9.6,0.0,100.9,0.9,-2.043,-10.9398,5.3858,8.0859,6.7439,2.9395,6.7439,-0.2857,0.5239,1.6591,-0.0789,2.8831,0.5,0.55,0.4,0.495
2024-12-01,11.9802,2.4937,2.5273,1.0603,10.35,0.75,98.2,-1.8,-2.1506,-4.9803,5.69,8.6308,7.7617,3.8332,7.7617,-0.209,0.6753,1.3502,-0.0148,2.8831,0.5,0.55,0.4,0.495
2025-01-01,12.8725,2.6259,2.6545,-0.5123,11.35,1.0,97.3,-2.7,-0.2058,-1.0711,5.9995,8.6414,8.632,3.5538,8.632,-0.1674,1.5154,1.2388,0.1186,2.8831,0.5,0.55,0.4,0.495
2025-02-01,13.4351,2.4555,2.5273,-0.7444,11.6,0.25,91.8,-8.2,0.9188,-10.1273,5.6006,8.4867,9.1768,4.0094,8.4867,-0.0611,2.1265,1.1225,0.2528,2.8831,0.5,0.55,0.4,0.495
2025-03-01,14.5639,2.3091,2.3818,-0.0851,12.85,1.25,94.9,-5.1,3.8505,-16.0652,5.2578,9.0636,10.3934,3.8301,9.0636,-0.0722,2.6894,0.8204,0.4669,2.8831,0.5,0.55,0.4,0.495
2025-04-01,15.1355,2.3285,2.4,0.2071,13.1,0.25,94.6,-5.4,0.4094,-27.7638,5.3033,9.6374,11.2381,4.1857,9.6374,-0.1518,2.7669,0.3769,0.6375,2.8831,0.5,0.55,0.4,0.495
2025-05-01,15.9367,2.0652,2.1364,-0.0871,13.1,0.0,100.1,0.1,2.768,-23.7683,4.6868,10.4527,12.5179,4.0507,10.4527,-0.0844,2.6853,-0.0871,0.6228,2.8831,0.5,0.55,0.4,0.495
2025-06-01,14.3485,2.2136,2.2818,0.2703,13.35,0.25,104.3,4.3,0.7147,-14.079,5.0341,8.6585,11.3604,4.292,8.6585,0.0417,2.7652,-0.5097,0.6147,2.8831,0.5,0.55,0.4,0.495
2025-07-01,14.1198,2.2636,2.3273,0.3005,13.35,0.0,104.5,4.5,2.0409,-18.1189,5.1513,8.8516,11.4065,4.457,8.8516,0.0904,2.2948,-0.7592,0.5894,2.8831,0.5,0.55,0.4,0.495
2025-08-01,13.2123,2.3144,2.3636,-1.2189,13.35,0.0,101.9,1.9,0.6148,-16.8863,5.2703,8.7709,10.5864,5.087,8.7709,0.0427,1.5156,-0.8623,0.6051,2.8831,0.5,0.55,0.4,0.495
2025-09-01,11.8738,2.3777,2.4091,0.139,13.35,0.0,101.8,1.8,1.4374,-8.4997,5.4184,7.5269,9.3296,5.1077,7.5269,0.0226,1.4413,-0.972,0.6332,2.8831,0.5,0.55,0.4,0.495
2025-10-01,10.8848,2.2069,2.2636,1.5669,13.35,0.0,97.0,-3.0,,-15.8548,5.0186,7.6505,8.4484,5.1458,7.6505,-0.0369,0.3881,-1.1389,0.6922,2.8831,0.5,0.55,0.4,0.495
2025-11-01,9.2525,2.3236,2.4,0.5292,13.35,0.0,95.1,-4.9,,-15.3013,5.2917,6.2778,6.8231,4.7902,6.2778,-0.0916,0.1833,-1.1857,0.7321,2.8831,0.5,0.55,0.4,0.495
2025-12-01,7.9596,2.2073,2.2818,0.4611,13.35,0.0,97.9,-2.1,,-16.629,5.0194,4.8733,5.52,,5.1966,-0.0114,0.2146,-1.1554,0.7119,2.8831,0.5,0.55,0.4,0.495
